<annotation>
	<folder>kursat</folder>
	<filename>SpamImage93_1.png</filename>
	<path>/kursat/SpamImage93_1.png</path>
	<source>
		<database>Unspecified</database>
	</source>
	<size>
		<width>666</width>
		<height>539</height>
		<depth>3</depth>
	</size>
	<object>
		<name>indirim</name>
		<pose>Unspecified</pose>
		<truncated>Unspecified</truncated>
		<difficult>Unspecified</difficult>
		<bndbox>
			<xmin>64</xmin>
			<ymin>179</ymin>
			<xmax>363</xmax>
			<ymax>231</ymax>
		</bndbox>
	</object>
	<object>
		<name>tl</name>
		<pose>Unspecified</pose>
		<truncated>Unspecified</truncated>
		<difficult>Unspecified</difficult>
		<bndbox>
			<xmin>219</xmin>
			<ymin>447</ymin>
			<xmax>298</xmax>
			<ymax>502</ymax>
		</bndbox>
	</object>
	<object>
		<name>tl</name>
		<pose>Unspecified</pose>
		<truncated>Unspecified</truncated>
		<difficult>Unspecified</difficult>
		<bndbox>
			<xmin>220</xmin>
			<ymin>420</ymin>
			<xmax>250</xmax>
			<ymax>443</ymax>
		</bndbox>
	</object>
	<object>
		<name>market</name>
		<pose>Unspecified</pose>
		<truncated>Unspecified</truncated>
		<difficult>Unspecified</difficult>
		<bndbox>
			<xmin>48</xmin>
			<ymin>434</ymin>
			<xmax>143</xmax>
			<ymax>456</ymax>
		</bndbox>
	</object>
</annotation>