<annotation>
	<folder>kursat</folder>
	<filename>SpamImage21_1.png</filename>
	<path>/kursat/SpamImage21_1.png</path>
	<source>
		<database>Unspecified</database>
	</source>
	<size>
		<width>660</width>
		<height>756</height>
		<depth>3</depth>
	</size>
	<object>
		<name>yuzde</name>
		<pose>Unspecified</pose>
		<truncated>Unspecified</truncated>
		<difficult>Unspecified</difficult>
		<bndbox>
			<xmin>234</xmin>
			<ymin>276</ymin>
			<xmax>319</xmax>
			<ymax>347</ymax>
		</bndbox>
	</object>
	<object>
		<name>varan</name>
		<pose>Unspecified</pose>
		<truncated>Unspecified</truncated>
		<difficult>Unspecified</difficult>
		<bndbox>
			<xmin>423</xmin>
			<ymin>306</ymin>
			<xmax>463</xmax>
			<ymax>322</ymax>
		</bndbox>
	</object>
	<object>
		<name>firsat</name>
		<pose>Unspecified</pose>
		<truncated>Unspecified</truncated>
		<difficult>Unspecified</difficult>
		<bndbox>
			<xmin>329</xmin>
			<ymin>586</ymin>
			<xmax>417</xmax>
			<ymax>610</ymax>
		</bndbox>
	</object>
	<object>
		<name>indirim</name>
		<pose>Unspecified</pose>
		<truncated>Unspecified</truncated>
		<difficult>Unspecified</difficult>
		<bndbox>
			<xmin>189</xmin>
			<ymin>347</ymin>
			<xmax>484</xmax>
			<ymax>400</ymax>
		</bndbox>
	</object>
	<object>
		<name>fiyat</name>
		<pose>Unspecified</pose>
		<truncated>Unspecified</truncated>
		<difficult>Unspecified</difficult>
		<bndbox>
			<xmin>423</xmin>
			<ymin>727</ymin>
			<xmax>486</xmax>
			<ymax>748</ymax>
		</bndbox>
	</object>
</annotation>