<annotation>
	<folder>kursat</folder>
	<filename>SpamImage146_1.png</filename>
	<path>/kursat/SpamImage146_1.png</path>
	<source>
		<database>Unspecified</database>
	</source>
	<size>
		<width>673</width>
		<height>695</height>
		<depth>3</depth>
	</size>
	<object>
		<name>tl</name>
		<pose>Unspecified</pose>
		<truncated>Unspecified</truncated>
		<difficult>Unspecified</difficult>
		<bndbox>
			<xmin>299</xmin>
			<ymin>84</ymin>
			<xmax>353</xmax>
			<ymax>132</ymax>
		</bndbox>
	</object>
	<object>
		<name>tl</name>
		<pose>Unspecified</pose>
		<truncated>Unspecified</truncated>
		<difficult>Unspecified</difficult>
		<bndbox>
			<xmin>204</xmin>
			<ymin>195</ymin>
			<xmax>291</xmax>
			<ymax>260</ymax>
		</bndbox>
	</object>
	<object>
		<name>hediye</name>
		<pose>Unspecified</pose>
		<truncated>Unspecified</truncated>
		<difficult>Unspecified</difficult>
		<bndbox>
			<xmin>297</xmin>
			<ymin>182</ymin>
			<xmax>554</xmax>
			<ymax>262</ymax>
		</bndbox>
	</object>
</annotation>