<annotation>
	<folder>kursat</folder>
	<filename>SpamImage37_1.png</filename>
	<path>/kursat/SpamImage37_1.png</path>
	<source>
		<database>Unspecified</database>
	</source>
	<size>
		<width>536</width>
		<height>752</height>
		<depth>3</depth>
	</size>
	<object>
		<name>firsat</name>
		<pose>Unspecified</pose>
		<truncated>Unspecified</truncated>
		<difficult>Unspecified</difficult>
		<bndbox>
			<xmin>342</xmin>
			<ymin>114</ymin>
			<xmax>449</xmax>
			<ymax>143</ymax>
		</bndbox>
	</object>
	<object>
		<name>ozel</name>
		<pose>Unspecified</pose>
		<truncated>Unspecified</truncated>
		<difficult>Unspecified</difficult>
		<bndbox>
			<xmin>275</xmin>
			<ymin>59</ymin>
			<xmax>330</xmax>
			<ymax>83</ymax>
		</bndbox>
	</object>
	<object>
		<name>tl</name>
		<pose>Unspecified</pose>
		<truncated>Unspecified</truncated>
		<difficult>Unspecified</difficult>
		<bndbox>
			<xmin>305</xmin>
			<ymin>161</ymin>
			<xmax>321</xmax>
			<ymax>176</ymax>
		</bndbox>
	</object>
	<object>
		<name>indirim</name>
		<pose>Unspecified</pose>
		<truncated>Unspecified</truncated>
		<difficult>Unspecified</difficult>
		<bndbox>
			<xmin>322</xmin>
			<ymin>162</ymin>
			<xmax>365</xmax>
			<ymax>177</ymax>
		</bndbox>
	</object>
	<object>
		<name>firsat</name>
		<pose>Unspecified</pose>
		<truncated>Unspecified</truncated>
		<difficult>Unspecified</difficult>
		<bndbox>
			<xmin>366</xmin>
			<ymin>161</ymin>
			<xmax>414</xmax>
			<ymax>177</ymax>
		</bndbox>
	</object>
	<object>
		<name>alisveris</name>
		<pose>Unspecified</pose>
		<truncated>Unspecified</truncated>
		<difficult>Unspecified</difficult>
		<bndbox>
			<xmin>219</xmin>
			<ymin>197</ymin>
			<xmax>283</xmax>
			<ymax>216</ymax>
		</bndbox>
	</object>
</annotation>