<annotation>
	<folder>kursat</folder>
	<filename>SpamImage36_1.png</filename>
	<path>/kursat/SpamImage36_1.png</path>
	<source>
		<database>Unspecified</database>
	</source>
	<size>
		<width>664</width>
		<height>770</height>
		<depth>3</depth>
	</size>
	<object>
		<name>yuzde</name>
		<pose>Unspecified</pose>
		<truncated>Unspecified</truncated>
		<difficult>Unspecified</difficult>
		<bndbox>
			<xmin>178</xmin>
			<ymin>365</ymin>
			<xmax>214</xmax>
			<ymax>401</ymax>
		</bndbox>
	</object>
	<object>
		<name>yuzde</name>
		<pose>Unspecified</pose>
		<truncated>Unspecified</truncated>
		<difficult>Unspecified</difficult>
		<bndbox>
			<xmin>288</xmin>
			<ymin>369</ymin>
			<xmax>331</xmax>
			<ymax>400</ymax>
		</bndbox>
	</object>
	<object>
		<name>yuzde</name>
		<pose>Unspecified</pose>
		<truncated>Unspecified</truncated>
		<difficult>Unspecified</difficult>
		<bndbox>
			<xmin>411</xmin>
			<ymin>364</ymin>
			<xmax>449</xmax>
			<ymax>401</ymax>
		</bndbox>
	</object>
	<object>
		<name>yuzde</name>
		<pose>Unspecified</pose>
		<truncated>Unspecified</truncated>
		<difficult>Unspecified</difficult>
		<bndbox>
			<xmin>132</xmin>
			<ymin>745</ymin>
			<xmax>149</xmax>
			<ymax>766</ymax>
		</bndbox>
	</object>
	<object>
		<name>yuzde</name>
		<pose>Unspecified</pose>
		<truncated>Unspecified</truncated>
		<difficult>Unspecified</difficult>
		<bndbox>
			<xmin>507</xmin>
			<ymin>708</ymin>
			<xmax>527</xmax>
			<ymax>732</ymax>
		</bndbox>
	</object>
	<object>
		<name>indirim</name>
		<pose>Unspecified</pose>
		<truncated>Unspecified</truncated>
		<difficult>Unspecified</difficult>
		<bndbox>
			<xmin>299</xmin>
			<ymin>406</ymin>
			<xmax>466</xmax>
			<ymax>453</ymax>
		</bndbox>
	</object>
	<object>
		<name>indirim</name>
		<pose>Unspecified</pose>
		<truncated>Unspecified</truncated>
		<difficult>Unspecified</difficult>
		<bndbox>
			<xmin>176</xmin>
			<ymin>747</ymin>
			<xmax>238</xmax>
			<ymax>767</ymax>
		</bndbox>
	</object>
	<object>
		<name>indirim</name>
		<pose>Unspecified</pose>
		<truncated>Unspecified</truncated>
		<difficult>Unspecified</difficult>
		<bndbox>
			<xmin>448</xmin>
			<ymin>733</ymin>
			<xmax>536</xmax>
			<ymax>755</ymax>
		</bndbox>
	</object>
	<object>
		<name>varan</name>
		<pose>Unspecified</pose>
		<truncated>Unspecified</truncated>
		<difficult>Unspecified</difficult>
		<bndbox>
			<xmin>570</xmin>
			<ymin>709</ymin>
			<xmax>620</xmax>
			<ymax>733</ymax>
		</bndbox>
	</object>
	<object>
		<name>indirim</name>
		<pose>Unspecified</pose>
		<truncated>Unspecified</truncated>
		<difficult>Unspecified</difficult>
		<bndbox>
			<xmin>216</xmin>
			<ymin>698</ymin>
			<xmax>313</xmax>
			<ymax>719</ymax>
		</bndbox>
	</object>
	<object>
		<name>sepet</name>
		<pose>Unspecified</pose>
		<truncated>Unspecified</truncated>
		<difficult>Unspecified</difficult>
		<bndbox>
			<xmin>233</xmin>
			<ymin>725</ymin>
			<xmax>303</xmax>
			<ymax>745</ymax>
		</bndbox>
	</object>
	<object>
		<name>urun</name>
		<pose>Unspecified</pose>
		<truncated>Unspecified</truncated>
		<difficult>Unspecified</difficult>
		<bndbox>
			<xmin>145</xmin>
			<ymin>724</ymin>
			<xmax>230</xmax>
			<ymax>745</ymax>
		</bndbox>
	</object>
</annotation>