<annotation>
	<folder>kursat</folder>
	<filename>SpamImage64_1.png</filename>
	<path>/kursat/SpamImage64_1.png</path>
	<source>
		<database>Unspecified</database>
	</source>
	<size>
		<width>610</width>
		<height>796</height>
		<depth>3</depth>
	</size>
	<object>
		<name>fiyat</name>
		<pose>Unspecified</pose>
		<truncated>Unspecified</truncated>
		<difficult>Unspecified</difficult>
		<bndbox>
			<xmin>341</xmin>
			<ymin>169</ymin>
			<xmax>453</xmax>
			<ymax>215</ymax>
		</bndbox>
	</object>
	<object>
		<name>fiyat</name>
		<pose>Unspecified</pose>
		<truncated>Unspecified</truncated>
		<difficult>Unspecified</difficult>
		<bndbox>
			<xmin>394</xmin>
			<ymin>333</ymin>
			<xmax>566</xmax>
			<ymax>401</ymax>
		</bndbox>
	</object>
	<object>
		<name>kacirma</name>
		<pose>Unspecified</pose>
		<truncated>Unspecified</truncated>
		<difficult>Unspecified</difficult>
		<bndbox>
			<xmin>308</xmin>
			<ymin>714</ymin>
			<xmax>374</xmax>
			<ymax>738</ymax>
		</bndbox>
	</object>
</annotation>