<annotation>
	<folder>kursat</folder>
	<filename>SpamImage18_1.png</filename>
	<path>/kursat/SpamImage18_1.png</path>
	<source>
		<database>Unspecified</database>
	</source>
	<size>
		<width>675</width>
		<height>812</height>
		<depth>3</depth>
	</size>
	<object>
		<name>urun</name>
		<pose>Unspecified</pose>
		<truncated>Unspecified</truncated>
		<difficult>Unspecified</difficult>
		<bndbox>
			<xmin>317</xmin>
			<ymin>445</ymin>
			<xmax>491</xmax>
			<ymax>485</ymax>
		</bndbox>
	</object>
	<object>
		<name>kacirma</name>
		<pose>Unspecified</pose>
		<truncated>Unspecified</truncated>
		<difficult>Unspecified</difficult>
		<bndbox>
			<xmin>342</xmin>
			<ymin>628</ymin>
			<xmax>428</xmax>
			<ymax>652</ymax>
		</bndbox>
	</object>
</annotation>