<annotation>
	<folder>kursat</folder>
	<filename>SpamImage149_1.png</filename>
	<path>/kursat/SpamImage149_1.png</path>
	<source>
		<database>Unspecified</database>
	</source>
	<size>
		<width>649</width>
		<height>460</height>
		<depth>3</depth>
	</size>
	<object>
		<name>firsat</name>
		<pose>Unspecified</pose>
		<truncated>Unspecified</truncated>
		<difficult>Unspecified</difficult>
		<bndbox>
			<xmin>46</xmin>
			<ymin>285</ymin>
			<xmax>176</xmax>
			<ymax>336</ymax>
		</bndbox>
	</object>
	<object>
		<name>firsat</name>
		<pose>Unspecified</pose>
		<truncated>Unspecified</truncated>
		<difficult>Unspecified</difficult>
		<bndbox>
			<xmin>46</xmin>
			<ymin>341</ymin>
			<xmax>243</xmax>
			<ymax>391</ymax>
		</bndbox>
	</object>
</annotation>