<annotation>
	<folder>kursat</folder>
	<filename>SpamImage4_1.png</filename>
	<path>/kursat/SpamImage4_1.png</path>
	<source>
		<database>Unspecified</database>
	</source>
	<size>
		<width>606</width>
		<height>611</height>
		<depth>3</depth>
	</size>
	<object>
		<name>indirim</name>
		<pose>Unspecified</pose>
		<truncated>Unspecified</truncated>
		<difficult>Unspecified</difficult>
		<bndbox>
			<xmin>255</xmin>
			<ymin>558</ymin>
			<xmax>403</xmax>
			<ymax>591</ymax>
		</bndbox>
	</object>
</annotation>