<annotation>
	<folder>kursat</folder>
	<filename>SpamImage94_1.png</filename>
	<path>/kursat/SpamImage94_1.png</path>
	<source>
		<database>Unspecified</database>
	</source>
	<size>
		<width>668</width>
		<height>448</height>
		<depth>3</depth>
	</size>
	<object>
		<name>yuzde</name>
		<pose>Unspecified</pose>
		<truncated>Unspecified</truncated>
		<difficult>Unspecified</difficult>
		<bndbox>
			<xmin>99</xmin>
			<ymin>347</ymin>
			<xmax>132</xmax>
			<ymax>378</ymax>
		</bndbox>
	</object>
	<object>
		<name>varan</name>
		<pose>Unspecified</pose>
		<truncated>Unspecified</truncated>
		<difficult>Unspecified</difficult>
		<bndbox>
			<xmin>210</xmin>
			<ymin>347</ymin>
			<xmax>332</xmax>
			<ymax>381</ymax>
		</bndbox>
	</object>
	<object>
		<name>indirim</name>
		<pose>Unspecified</pose>
		<truncated>Unspecified</truncated>
		<difficult>Unspecified</difficult>
		<bndbox>
			<xmin>336</xmin>
			<ymin>342</ymin>
			<xmax>571</xmax>
			<ymax>380</ymax>
		</bndbox>
	</object>
</annotation>