<annotation>
	<folder>kursat</folder>
	<filename>SpamImage38_1.png</filename>
	<path>/kursat/SpamImage38_1.png</path>
	<source>
		<database>Unspecified</database>
	</source>
	<size>
		<width>671</width>
		<height>767</height>
		<depth>3</depth>
	</size>
	<object>
		<name>firsat</name>
		<pose>Unspecified</pose>
		<truncated>Unspecified</truncated>
		<difficult>Unspecified</difficult>
		<bndbox>
			<xmin>277</xmin>
			<ymin>632</ymin>
			<xmax>475</xmax>
			<ymax>666</ymax>
		</bndbox>
	</object>
	<object>
		<name>yuzde</name>
		<pose>Unspecified</pose>
		<truncated>Unspecified</truncated>
		<difficult>Unspecified</difficult>
		<bndbox>
			<xmin>194</xmin>
			<ymin>696</ymin>
			<xmax>217</xmax>
			<ymax>720</ymax>
		</bndbox>
	</object>
	<object>
		<name>indirim</name>
		<pose>Unspecified</pose>
		<truncated>Unspecified</truncated>
		<difficult>Unspecified</difficult>
		<bndbox>
			<xmin>243</xmin>
			<ymin>698</ymin>
			<xmax>320</xmax>
			<ymax>722</ymax>
		</bndbox>
	</object>
	<object>
		<name>yuzde</name>
		<pose>Unspecified</pose>
		<truncated>Unspecified</truncated>
		<difficult>Unspecified</difficult>
		<bndbox>
			<xmin>249</xmin>
			<ymin>726</ymin>
			<xmax>265</xmax>
			<ymax>744</ymax>
		</bndbox>
	</object>
	<object>
		<name>indirim</name>
		<pose>Unspecified</pose>
		<truncated>Unspecified</truncated>
		<difficult>Unspecified</difficult>
		<bndbox>
			<xmin>155</xmin>
			<ymin>749</ymin>
			<xmax>218</xmax>
			<ymax>767</ymax>
		</bndbox>
	</object>
	<object>
		<name>yuzde</name>
		<pose>Unspecified</pose>
		<truncated>Unspecified</truncated>
		<difficult>Unspecified</difficult>
		<bndbox>
			<xmin>430</xmin>
			<ymin>723</ymin>
			<xmax>450</xmax>
			<ymax>745</ymax>
		</bndbox>
	</object>
	<object>
		<name>varan</name>
		<pose>Unspecified</pose>
		<truncated>Unspecified</truncated>
		<difficult>Unspecified</difficult>
		<bndbox>
			<xmin>489</xmin>
			<ymin>723</ymin>
			<xmax>541</xmax>
			<ymax>744</ymax>
		</bndbox>
	</object>
	<object>
		<name>indirim</name>
		<pose>Unspecified</pose>
		<truncated>Unspecified</truncated>
		<difficult>Unspecified</difficult>
		<bndbox>
			<xmin>545</xmin>
			<ymin>720</ymin>
			<xmax>610</xmax>
			<ymax>745</ymax>
		</bndbox>
	</object>
</annotation>