<annotation>
	<folder>kursat</folder>
	<filename>SpamImage23_1.png</filename>
	<path>/kursat/SpamImage23_1.png</path>
	<source>
		<database>Unspecified</database>
	</source>
	<size>
		<width>605</width>
		<height>705</height>
		<depth>3</depth>
	</size>
	<object>
		<name>urun</name>
		<pose>Unspecified</pose>
		<truncated>Unspecified</truncated>
		<difficult>Unspecified</difficult>
		<bndbox>
			<xmin>430</xmin>
			<ymin>98</ymin>
			<xmax>552</xmax>
			<ymax>121</ymax>
		</bndbox>
	</object>
	<object>
		<name>tl</name>
		<pose>Unspecified</pose>
		<truncated>Unspecified</truncated>
		<difficult>Unspecified</difficult>
		<bndbox>
			<xmin>235</xmin>
			<ymin>141</ymin>
			<xmax>284</xmax>
			<ymax>176</ymax>
		</bndbox>
	</object>
	<object>
		<name>urun</name>
		<pose>Unspecified</pose>
		<truncated>Unspecified</truncated>
		<difficult>Unspecified</difficult>
		<bndbox>
			<xmin>470</xmin>
			<ymin>647</ymin>
			<xmax>565</xmax>
			<ymax>667</ymax>
		</bndbox>
	</object>
	<object>
		<name>urun</name>
		<pose>Unspecified</pose>
		<truncated>Unspecified</truncated>
		<difficult>Unspecified</difficult>
		<bndbox>
			<xmin>78</xmin>
			<ymin>669</ymin>
			<xmax>158</xmax>
			<ymax>688</ymax>
		</bndbox>
	</object>
	<object>
		<name>yuzde</name>
		<pose>Unspecified</pose>
		<truncated>Unspecified</truncated>
		<difficult>Unspecified</difficult>
		<bndbox>
			<xmin>158</xmin>
			<ymin>669</ymin>
			<xmax>177</xmax>
			<ymax>687</ymax>
		</bndbox>
	</object>
	<object>
		<name>yuzde</name>
		<pose>Unspecified</pose>
		<truncated>Unspecified</truncated>
		<difficult>Unspecified</difficult>
		<bndbox>
			<xmin>344</xmin>
			<ymin>668</ymin>
			<xmax>368</xmax>
			<ymax>688</ymax>
		</bndbox>
	</object>
	<object>
		<name>indirim</name>
		<pose>Unspecified</pose>
		<truncated>Unspecified</truncated>
		<difficult>Unspecified</difficult>
		<bndbox>
			<xmin>201</xmin>
			<ymin>670</ymin>
			<xmax>255</xmax>
			<ymax>689</ymax>
		</bndbox>
	</object>
	<object>
		<name>indirim</name>
		<pose>Unspecified</pose>
		<truncated>Unspecified</truncated>
		<difficult>Unspecified</difficult>
		<bndbox>
			<xmin>288</xmin>
			<ymin>131</ymin>
			<xmax>439</xmax>
			<ymax>176</ymax>
		</bndbox>
	</object>
	<object>
		<name>indirim</name>
		<pose>Unspecified</pose>
		<truncated>Unspecified</truncated>
		<difficult>Unspecified</difficult>
		<bndbox>
			<xmin>464</xmin>
			<ymin>670</ymin>
			<xmax>541</xmax>
			<ymax>688</ymax>
		</bndbox>
	</object>
	<object>
		<name>varan</name>
		<pose>Unspecified</pose>
		<truncated>Unspecified</truncated>
		<difficult>Unspecified</difficult>
		<bndbox>
			<xmin>413</xmin>
			<ymin>670</ymin>
			<xmax>462</xmax>
			<ymax>689</ymax>
		</bndbox>
	</object>
	<object>
		<name>firsat</name>
		<pose>Unspecified</pose>
		<truncated>Unspecified</truncated>
		<difficult>Unspecified</difficult>
		<bndbox>
			<xmin>301</xmin>
			<ymin>534</ymin>
			<xmax>380</xmax>
			<ymax>557</ymax>
		</bndbox>
	</object>
</annotation>