<annotation>
	<folder>kursat</folder>
	<filename>SpamImage110_1.png</filename>
	<path>/kursat/SpamImage110_1.png</path>
	<source>
		<database>Unspecified</database>
	</source>
	<size>
		<width>677</width>
		<height>573</height>
		<depth>3</depth>
	</size>
	<object>
		<name>yuzde</name>
		<pose>Unspecified</pose>
		<truncated>Unspecified</truncated>
		<difficult>Unspecified</difficult>
		<bndbox>
			<xmin>59</xmin>
			<ymin>166</ymin>
			<xmax>99</xmax>
			<ymax>209</ymax>
		</bndbox>
	</object>
	<object>
		<name>varan</name>
		<pose>Unspecified</pose>
		<truncated>Unspecified</truncated>
		<difficult>Unspecified</difficult>
		<bndbox>
			<xmin>199</xmin>
			<ymin>170</ymin>
			<xmax>352</xmax>
			<ymax>210</ymax>
		</bndbox>
	</object>
	<object>
		<name>indirim</name>
		<pose>Unspecified</pose>
		<truncated>Unspecified</truncated>
		<difficult>Unspecified</difficult>
		<bndbox>
			<xmin>59</xmin>
			<ymin>216</ymin>
			<xmax>301</xmax>
			<ymax>264</ymax>
		</bndbox>
	</object>
</annotation>