<annotation>
	<folder>kursat</folder>
	<filename>SpamImage100_1.png</filename>
	<path>/kursat/SpamImage100_1.png</path>
	<source>
		<database>Unspecified</database>
	</source>
	<size>
		<width>667</width>
		<height>702</height>
		<depth>3</depth>
	</size>
	<object>
		<name>market</name>
		<pose>Unspecified</pose>
		<truncated>Unspecified</truncated>
		<difficult>Unspecified</difficult>
		<bndbox>
			<xmin>79</xmin>
			<ymin>103</ymin>
			<xmax>231</xmax>
			<ymax>132</ymax>
		</bndbox>
	</object>
	<object>
		<name>alisveris</name>
		<pose>Unspecified</pose>
		<truncated>Unspecified</truncated>
		<difficult>Unspecified</difficult>
		<bndbox>
			<xmin>415</xmin>
			<ymin>103</ymin>
			<xmax>596</xmax>
			<ymax>133</ymax>
		</bndbox>
	</object>
	<object>
		<name>tl</name>
		<pose>Unspecified</pose>
		<truncated>Unspecified</truncated>
		<difficult>Unspecified</difficult>
		<bndbox>
			<xmin>228</xmin>
			<ymin>153</ymin>
			<xmax>281</xmax>
			<ymax>196</ymax>
		</bndbox>
	</object>
	<object>
		<name>uzeri</name>
		<pose>Unspecified</pose>
		<truncated>Unspecified</truncated>
		<difficult>Unspecified</difficult>
		<bndbox>
			<xmin>342</xmin>
			<ymin>145</ymin>
			<xmax>529</xmax>
			<ymax>200</ymax>
		</bndbox>
	</object>
	<object>
		<name>tl</name>
		<pose>Unspecified</pose>
		<truncated>Unspecified</truncated>
		<difficult>Unspecified</difficult>
		<bndbox>
			<xmin>342</xmin>
			<ymin>221</ymin>
			<xmax>395</xmax>
			<ymax>262</ymax>
		</bndbox>
	</object>
	<object>
		<name>indirim</name>
		<pose>Unspecified</pose>
		<truncated>Unspecified</truncated>
		<difficult>Unspecified</difficult>
		<bndbox>
			<xmin>397</xmin>
			<ymin>214</ymin>
			<xmax>559</xmax>
			<ymax>265</ymax>
		</bndbox>
	</object>
	<object>
		<name>ozel</name>
		<pose>Unspecified</pose>
		<truncated>Unspecified</truncated>
		<difficult>Unspecified</difficult>
		<bndbox>
			<xmin>509</xmin>
			<ymin>353</ymin>
			<xmax>586</xmax>
			<ymax>390</ymax>
		</bndbox>
	</object>
</annotation>