<annotation>
	<folder>kursat</folder>
	<filename>SpamImage119_1.png</filename>
	<path>/kursat/SpamImage119_1.png</path>
	<source>
		<database>Unspecified</database>
	</source>
	<size>
		<width>657</width>
		<height>743</height>
		<depth>3</depth>
	</size>
	<object>
		<name>hediye</name>
		<pose>Unspecified</pose>
		<truncated>Unspecified</truncated>
		<difficult>Unspecified</difficult>
		<bndbox>
			<xmin>281</xmin>
			<ymin>140</ymin>
			<xmax>418</xmax>
			<ymax>183</ymax>
		</bndbox>
	</object>
	<object>
		<name>firsat</name>
		<pose>Unspecified</pose>
		<truncated>Unspecified</truncated>
		<difficult>Unspecified</difficult>
		<bndbox>
			<xmin>246</xmin>
			<ymin>689</ymin>
			<xmax>316</xmax>
			<ymax>720</ymax>
		</bndbox>
	</object>
	<object>
		<name>kacirma</name>
		<pose>Unspecified</pose>
		<truncated>Unspecified</truncated>
		<difficult>Unspecified</difficult>
		<bndbox>
			<xmin>315</xmin>
			<ymin>692</ymin>
			<xmax>398</xmax>
			<ymax>719</ymax>
		</bndbox>
	</object>
</annotation>