<annotation>
	<folder>kursat</folder>
	<filename>SpamImage112_1.png</filename>
	<path>/kursat/SpamImage112_1.png</path>
	<source>
		<database>Unspecified</database>
	</source>
	<size>
		<width>628</width>
		<height>690</height>
		<depth>3</depth>
	</size>
	<object>
		<name>urun</name>
		<pose>Unspecified</pose>
		<truncated>Unspecified</truncated>
		<difficult>Unspecified</difficult>
		<bndbox>
			<xmin>133</xmin>
			<ymin>179</ymin>
			<xmax>177</xmax>
			<ymax>208</ymax>
		</bndbox>
	</object>
	<object>
		<name>firsat</name>
		<pose>Unspecified</pose>
		<truncated>Unspecified</truncated>
		<difficult>Unspecified</difficult>
		<bndbox>
			<xmin>92</xmin>
			<ymin>397</ymin>
			<xmax>183</xmax>
			<ymax>424</ymax>
		</bndbox>
	</object>
	<object>
		<name>kacirma</name>
		<pose>Unspecified</pose>
		<truncated>Unspecified</truncated>
		<difficult>Unspecified</difficult>
		<bndbox>
			<xmin>188</xmin>
			<ymin>400</ymin>
			<xmax>272</xmax>
			<ymax>421</ymax>
		</bndbox>
	</object>
	<object>
		<name>kacirma</name>
		<pose>Unspecified</pose>
		<truncated>Unspecified</truncated>
		<difficult>Unspecified</difficult>
		<bndbox>
			<xmin>359</xmin>
			<ymin>554</ymin>
			<xmax>382</xmax>
			<ymax>581</ymax>
		</bndbox>
	</object>
</annotation>