<annotation>
	<folder>kursat</folder>
	<filename>SpamImage120_1.png</filename>
	<path>/kursat/SpamImage120_1.png</path>
	<source>
		<database>Unspecified</database>
	</source>
	<size>
		<width>675</width>
		<height>571</height>
		<depth>3</depth>
	</size>
	<object>
		<name>indirim</name>
		<pose>Unspecified</pose>
		<truncated>Unspecified</truncated>
		<difficult>Unspecified</difficult>
		<bndbox>
			<xmin>200</xmin>
			<ymin>151</ymin>
			<xmax>446</xmax>
			<ymax>202</ymax>
		</bndbox>
	</object>
</annotation>