<annotation>
	<folder>kursat</folder>
	<filename>SpamImage41_1.png</filename>
	<path>/kursat/SpamImage41_1.png</path>
	<source>
		<database>Unspecified</database>
	</source>
	<size>
		<width>598</width>
		<height>634</height>
		<depth>3</depth>
	</size>
	<object>
		<name>urun</name>
		<pose>Unspecified</pose>
		<truncated>Unspecified</truncated>
		<difficult>Unspecified</difficult>
		<bndbox>
			<xmin>149</xmin>
			<ymin>104</ymin>
			<xmax>227</xmax>
			<ymax>122</ymax>
		</bndbox>
	</object>
	<object>
		<name>ozel</name>
		<pose>Unspecified</pose>
		<truncated>Unspecified</truncated>
		<difficult>Unspecified</difficult>
		<bndbox>
			<xmin>207</xmin>
			<ymin>125</ymin>
			<xmax>277</xmax>
			<ymax>152</ymax>
		</bndbox>
	</object>
	<object>
		<name>yuzde</name>
		<pose>Unspecified</pose>
		<truncated>Unspecified</truncated>
		<difficult>Unspecified</difficult>
		<bndbox>
			<xmin>166</xmin>
			<ymin>161</ymin>
			<xmax>195</xmax>
			<ymax>188</ymax>
		</bndbox>
	</object>
	<object>
		<name>indirim</name>
		<pose>Unspecified</pose>
		<truncated>Unspecified</truncated>
		<difficult>Unspecified</difficult>
		<bndbox>
			<xmin>229</xmin>
			<ymin>159</ymin>
			<xmax>339</xmax>
			<ymax>186</ymax>
		</bndbox>
	</object>
	<object>
		<name>urun</name>
		<pose>Unspecified</pose>
		<truncated>Unspecified</truncated>
		<difficult>Unspecified</difficult>
		<bndbox>
			<xmin>164</xmin>
			<ymin>603</ymin>
			<xmax>244</xmax>
			<ymax>624</ymax>
		</bndbox>
	</object>
	<object>
		<name>urun</name>
		<pose>Unspecified</pose>
		<truncated>Unspecified</truncated>
		<difficult>Unspecified</difficult>
		<bndbox>
			<xmin>439</xmin>
			<ymin>602</ymin>
			<xmax>513</xmax>
			<ymax>625</ymax>
		</bndbox>
	</object>
</annotation>