<annotation>
	<folder>kursat</folder>
	<filename>SpamImage101_1.png</filename>
	<path>/kursat/SpamImage101_1.png</path>
	<source>
		<database>Unspecified</database>
	</source>
	<size>
		<width>693</width>
		<height>581</height>
		<depth>3</depth>
	</size>
	<object>
		<name>yuzde</name>
		<pose>Unspecified</pose>
		<truncated>Unspecified</truncated>
		<difficult>Unspecified</difficult>
		<bndbox>
			<xmin>59</xmin>
			<ymin>142</ymin>
			<xmax>92</xmax>
			<ymax>178</ymax>
		</bndbox>
	</object>
	<object>
		<name>indirim</name>
		<pose>Unspecified</pose>
		<truncated>Unspecified</truncated>
		<difficult>Unspecified</difficult>
		<bndbox>
			<xmin>329</xmin>
			<ymin>135</ymin>
			<xmax>539</xmax>
			<ymax>181</ymax>
		</bndbox>
	</object>
	<object>
		<name>varan</name>
		<pose>Unspecified</pose>
		<truncated>Unspecified</truncated>
		<difficult>Unspecified</difficult>
		<bndbox>
			<xmin>197</xmin>
			<ymin>143</ymin>
			<xmax>323</xmax>
			<ymax>176</ymax>
		</bndbox>
	</object>
</annotation>