<annotation>
	<folder>kursat</folder>
	<filename>SpamImage28_1.png</filename>
	<path>/kursat/SpamImage28_1.png</path>
	<source>
		<database>Unspecified</database>
	</source>
	<size>
		<width>681</width>
		<height>768</height>
		<depth>3</depth>
	</size>
	<object>
		<name>yuzde</name>
		<pose>Unspecified</pose>
		<truncated>Unspecified</truncated>
		<difficult>Unspecified</difficult>
		<bndbox>
			<xmin>63</xmin>
			<ymin>126</ymin>
			<xmax>103</xmax>
			<ymax>164</ymax>
		</bndbox>
	</object>
	<object>
		<name>yuzde</name>
		<pose>Unspecified</pose>
		<truncated>Unspecified</truncated>
		<difficult>Unspecified</difficult>
		<bndbox>
			<xmin>88</xmin>
			<ymin>734</ymin>
			<xmax>108</xmax>
			<ymax>754</ymax>
		</bndbox>
	</object>
	<object>
		<name>yuzde</name>
		<pose>Unspecified</pose>
		<truncated>Unspecified</truncated>
		<difficult>Unspecified</difficult>
		<bndbox>
			<xmin>396</xmin>
			<ymin>732</ymin>
			<xmax>417</xmax>
			<ymax>755</ymax>
		</bndbox>
	</object>
	<object>
		<name>varan</name>
		<pose>Unspecified</pose>
		<truncated>Unspecified</truncated>
		<difficult>Unspecified</difficult>
		<bndbox>
			<xmin>227</xmin>
			<ymin>124</ymin>
			<xmax>378</xmax>
			<ymax>168</ymax>
		</bndbox>
	</object>
	<object>
		<name>indirim</name>
		<pose>Unspecified</pose>
		<truncated>Unspecified</truncated>
		<difficult>Unspecified</difficult>
		<bndbox>
			<xmin>63</xmin>
			<ymin>178</ymin>
			<xmax>307</xmax>
			<ymax>229</ymax>
		</bndbox>
	</object>
	<object>
		<name>firsat</name>
		<pose>Unspecified</pose>
		<truncated>Unspecified</truncated>
		<difficult>Unspecified</difficult>
		<bndbox>
			<xmin>337</xmin>
			<ymin>594</ymin>
			<xmax>426</xmax>
			<ymax>618</ymax>
		</bndbox>
	</object>
	<object>
		<name>varan</name>
		<pose>Unspecified</pose>
		<truncated>Unspecified</truncated>
		<difficult>Unspecified</difficult>
		<bndbox>
			<xmin>151</xmin>
			<ymin>736</ymin>
			<xmax>198</xmax>
			<ymax>754</ymax>
		</bndbox>
	</object>
	<object>
		<name>varan</name>
		<pose>Unspecified</pose>
		<truncated>Unspecified</truncated>
		<difficult>Unspecified</difficult>
		<bndbox>
			<xmin>456</xmin>
			<ymin>735</ymin>
			<xmax>512</xmax>
			<ymax>756</ymax>
		</bndbox>
	</object>
	<object>
		<name>indirim</name>
		<pose>Unspecified</pose>
		<truncated>Unspecified</truncated>
		<difficult>Unspecified</difficult>
		<bndbox>
			<xmin>204</xmin>
			<ymin>734</ymin>
			<xmax>292</xmax>
			<ymax>753</ymax>
		</bndbox>
	</object>
	<object>
		<name>indirim</name>
		<pose>Unspecified</pose>
		<truncated>Unspecified</truncated>
		<difficult>Unspecified</difficult>
		<bndbox>
			<xmin>512</xmin>
			<ymin>734</ymin>
			<xmax>599</xmax>
			<ymax>754</ymax>
		</bndbox>
	</object>
</annotation>