<annotation>
	<folder>kursat</folder>
	<filename>SpamImage71_1.png</filename>
	<path>/kursat/SpamImage71_1.png</path>
	<source>
		<database>Unspecified</database>
	</source>
	<size>
		<width>611</width>
		<height>820</height>
		<depth>3</depth>
	</size>
	<object>
		<name>alisveris</name>
		<pose>Unspecified</pose>
		<truncated>Unspecified</truncated>
		<difficult>Unspecified</difficult>
		<bndbox>
			<xmin>186</xmin>
			<ymin>131</ymin>
			<xmax>539</xmax>
			<ymax>176</ymax>
		</bndbox>
	</object>
	<object>
		<name>alisveris</name>
		<pose>Unspecified</pose>
		<truncated>Unspecified</truncated>
		<difficult>Unspecified</difficult>
		<bndbox>
			<xmin>256</xmin>
			<ymin>759</ymin>
			<xmax>328</xmax>
			<ymax>778</ymax>
		</bndbox>
	</object>
	<object>
		<name>bedava</name>
		<pose>Unspecified</pose>
		<truncated>Unspecified</truncated>
		<difficult>Unspecified</difficult>
		<bndbox>
			<xmin>439</xmin>
			<ymin>517</ymin>
			<xmax>513</xmax>
			<ymax>543</ymax>
		</bndbox>
	</object>
</annotation>