<annotation>
	<folder>kursat</folder>
	<filename>SpamImage3_1.png</filename>
	<path>/kursat/SpamImage3_1.png</path>
	<source>
		<database>Unspecified</database>
	</source>
	<size>
		<width>608</width>
		<height>813</height>
		<depth>3</depth>
	</size>
	<object>
		<name>indirim</name>
		<pose>Unspecified</pose>
		<truncated>Unspecified</truncated>
		<difficult>Unspecified</difficult>
		<bndbox>
			<xmin>363</xmin>
			<ymin>533</ymin>
			<xmax>541</xmax>
			<ymax>568</ymax>
		</bndbox>
	</object>
	<object>
		<name>kampanya</name>
		<pose>Unspecified</pose>
		<truncated>Unspecified</truncated>
		<difficult>Unspecified</difficult>
		<bndbox>
			<xmin>324</xmin>
			<ymin>573</ymin>
			<xmax>540</xmax>
			<ymax>609</ymax>
		</bndbox>
	</object>
	<object>
		<name>firsat</name>
		<pose>Unspecified</pose>
		<truncated>Unspecified</truncated>
		<difficult>Unspecified</difficult>
		<bndbox>
			<xmin>250</xmin>
			<ymin>653</ymin>
			<xmax>343</xmax>
			<ymax>678</ymax>
		</bndbox>
	</object>
	<object>
		<name>kacirma</name>
		<pose>Unspecified</pose>
		<truncated>Unspecified</truncated>
		<difficult>Unspecified</difficult>
		<bndbox>
			<xmin>345</xmin>
			<ymin>648</ymin>
			<xmax>446</xmax>
			<ymax>681</ymax>
		</bndbox>
	</object>
	<object>
		<name>urun</name>
		<pose>Unspecified</pose>
		<truncated>Unspecified</truncated>
		<difficult>Unspecified</difficult>
		<bndbox>
			<xmin>390</xmin>
			<ymin>623</ymin>
			<xmax>498</xmax>
			<ymax>647</ymax>
		</bndbox>
	</object>
	<object>
		<name>hemen</name>
		<pose>Unspecified</pose>
		<truncated>Unspecified</truncated>
		<difficult>Unspecified</difficult>
		<bndbox>
			<xmin>254</xmin>
			<ymin>719</ymin>
			<xmax>310</xmax>
			<ymax>740</ymax>
		</bndbox>
	</object>
	<object>
		<name>efsane</name>
		<pose>Unspecified</pose>
		<truncated>Unspecified</truncated>
		<difficult>Unspecified</difficult>
		<bndbox>
			<xmin>309</xmin>
			<ymin>624</ymin>
			<xmax>387</xmax>
			<ymax>645</ymax>
		</bndbox>
	</object>
	<object>
		<name>efsane</name>
		<pose>Unspecified</pose>
		<truncated>Unspecified</truncated>
		<difficult>Unspecified</difficult>
		<bndbox>
			<xmin>172</xmin>
			<ymin>650</ymin>
			<xmax>245</xmax>
			<ymax>677</ymax>
		</bndbox>
	</object>
</annotation>