<annotation>
	<folder>kursat</folder>
	<filename>SpamImage123_1.png</filename>
	<path>/kursat/SpamImage123_1.png</path>
	<source>
		<database>Unspecified</database>
	</source>
	<size>
		<width>627</width>
		<height>702</height>
		<depth>3</depth>
	</size>
	<object>
		<name>siparis</name>
		<pose>Unspecified</pose>
		<truncated>Unspecified</truncated>
		<difficult>Unspecified</difficult>
		<bndbox>
			<xmin>461</xmin>
			<ymin>25</ymin>
			<xmax>521</xmax>
			<ymax>48</ymax>
		</bndbox>
	</object>
	<object>
		<name>siparis</name>
		<pose>Unspecified</pose>
		<truncated>Unspecified</truncated>
		<difficult>Unspecified</difficult>
		<bndbox>
			<xmin>39</xmin>
			<ymin>166</ymin>
			<xmax>93</xmax>
			<ymax>190</ymax>
		</bndbox>
	</object>
	<object>
		<name>siparis</name>
		<pose>Unspecified</pose>
		<truncated>Unspecified</truncated>
		<difficult>Unspecified</difficult>
		<bndbox>
			<xmin>12</xmin>
			<ymin>293</ymin>
			<xmax>76</xmax>
			<ymax>324</ymax>
		</bndbox>
	</object>
	<object>
		<name>tl</name>
		<pose>Unspecified</pose>
		<truncated>Unspecified</truncated>
		<difficult>Unspecified</difficult>
		<bndbox>
			<xmin>554</xmin>
			<ymin>375</ymin>
			<xmax>572</xmax>
			<ymax>391</ymax>
		</bndbox>
	</object>
	<object>
		<name>tl</name>
		<pose>Unspecified</pose>
		<truncated>Unspecified</truncated>
		<difficult>Unspecified</difficult>
		<bndbox>
			<xmin>553</xmin>
			<ymin>459</ymin>
			<xmax>574</xmax>
			<ymax>477</ymax>
		</bndbox>
	</object>
	<object>
		<name>tl</name>
		<pose>Unspecified</pose>
		<truncated>Unspecified</truncated>
		<difficult>Unspecified</difficult>
		<bndbox>
			<xmin>553</xmin>
			<ymin>497</ymin>
			<xmax>573</xmax>
			<ymax>511</ymax>
		</bndbox>
	</object>
	<object>
		<name>tl</name>
		<pose>Unspecified</pose>
		<truncated>Unspecified</truncated>
		<difficult>Unspecified</difficult>
		<bndbox>
			<xmin>553</xmin>
			<ymin>530</ymin>
			<xmax>574</xmax>
			<ymax>546</ymax>
		</bndbox>
	</object>
	<object>
		<name>tl</name>
		<pose>Unspecified</pose>
		<truncated>Unspecified</truncated>
		<difficult>Unspecified</difficult>
		<bndbox>
			<xmin>543</xmin>
			<ymin>605</ymin>
			<xmax>575</xmax>
			<ymax>627</ymax>
		</bndbox>
	</object>
</annotation>