<annotation>
	<folder>kursat</folder>
	<filename>SpamImage50_1.png</filename>
	<path>/kursat/SpamImage50_1.png</path>
	<source>
		<database>Unspecified</database>
	</source>
	<size>
		<width>553</width>
		<height>770</height>
		<depth>3</depth>
	</size>
	<object>
		<name>tl</name>
		<pose>Unspecified</pose>
		<truncated>Unspecified</truncated>
		<difficult>Unspecified</difficult>
		<bndbox>
			<xmin>226</xmin>
			<ymin>356</ymin>
			<xmax>246</xmax>
			<ymax>374</ymax>
		</bndbox>
	</object>
	<object>
		<name>tl</name>
		<pose>Unspecified</pose>
		<truncated>Unspecified</truncated>
		<difficult>Unspecified</difficult>
		<bndbox>
			<xmin>234</xmin>
			<ymin>379</ymin>
			<xmax>253</xmax>
			<ymax>394</ymax>
		</bndbox>
	</object>
	<object>
		<name>tl</name>
		<pose>Unspecified</pose>
		<truncated>Unspecified</truncated>
		<difficult>Unspecified</difficult>
		<bndbox>
			<xmin>493</xmin>
			<ymin>356</ymin>
			<xmax>513</xmax>
			<ymax>374</ymax>
		</bndbox>
	</object>
	<object>
		<name>tl</name>
		<pose>Unspecified</pose>
		<truncated>Unspecified</truncated>
		<difficult>Unspecified</difficult>
		<bndbox>
			<xmin>500</xmin>
			<ymin>381</ymin>
			<xmax>521</xmax>
			<ymax>395</ymax>
		</bndbox>
	</object>
	<object>
		<name>urun</name>
		<pose>Unspecified</pose>
		<truncated>Unspecified</truncated>
		<difficult>Unspecified</difficult>
		<bndbox>
			<xmin>308</xmin>
			<ymin>296</ymin>
			<xmax>384</xmax>
			<ymax>323</ymax>
		</bndbox>
	</object>
</annotation>