<annotation>
	<folder>kursat</folder>
	<filename>SpamImage133_1.png</filename>
	<path>/kursat/SpamImage133_1.png</path>
	<source>
		<database>Unspecified</database>
	</source>
	<size>
		<width>673</width>
		<height>692</height>
		<depth>3</depth>
	</size>
	<object>
		<name>tl</name>
		<pose>Unspecified</pose>
		<truncated>Unspecified</truncated>
		<difficult>Unspecified</difficult>
		<bndbox>
			<xmin>211</xmin>
			<ymin>277</ymin>
			<xmax>245</xmax>
			<ymax>305</ymax>
		</bndbox>
	</object>
	<object>
		<name>fiyat</name>
		<pose>Unspecified</pose>
		<truncated>Unspecified</truncated>
		<difficult>Unspecified</difficult>
		<bndbox>
			<xmin>428</xmin>
			<ymin>275</ymin>
			<xmax>545</xmax>
			<ymax>308</ymax>
		</bndbox>
	</object>
</annotation>