<annotation>
	<folder>kursat</folder>
	<filename>SpamImage86_1.png</filename>
	<path>/kursat/SpamImage86_1.png</path>
	<source>
		<database>Unspecified</database>
	</source>
	<size>
		<width>542</width>
		<height>622</height>
		<depth>3</depth>
	</size>
	<object>
		<name>indirim</name>
		<pose>Unspecified</pose>
		<truncated>Unspecified</truncated>
		<difficult>Unspecified</difficult>
		<bndbox>
			<xmin>350</xmin>
			<ymin>363</ymin>
			<xmax>429</xmax>
			<ymax>388</ymax>
		</bndbox>
	</object>
	<object>
		<name>yuzde</name>
		<pose>Unspecified</pose>
		<truncated>Unspecified</truncated>
		<difficult>Unspecified</difficult>
		<bndbox>
			<xmin>308</xmin>
			<ymin>361</ymin>
			<xmax>332</xmax>
			<ymax>387</ymax>
		</bndbox>
	</object>
	<object>
		<name>tl</name>
		<pose>Unspecified</pose>
		<truncated>Unspecified</truncated>
		<difficult>Unspecified</difficult>
		<bndbox>
			<xmin>162</xmin>
			<ymin>363</ymin>
			<xmax>195</xmax>
			<ymax>387</ymax>
		</bndbox>
	</object>
	<object>
		<name>uzeri</name>
		<pose>Unspecified</pose>
		<truncated>Unspecified</truncated>
		<difficult>Unspecified</difficult>
		<bndbox>
			<xmin>223</xmin>
			<ymin>362</ymin>
			<xmax>304</xmax>
			<ymax>389</ymax>
		</bndbox>
	</object>
	<object>
		<name>tl</name>
		<pose>Unspecified</pose>
		<truncated>Unspecified</truncated>
		<difficult>Unspecified</difficult>
		<bndbox>
			<xmin>414</xmin>
			<ymin>456</ymin>
			<xmax>460</xmax>
			<ymax>494</ymax>
		</bndbox>
	</object>
	<object>
		<name>varan</name>
		<pose>Unspecified</pose>
		<truncated>Unspecified</truncated>
		<difficult>Unspecified</difficult>
		<bndbox>
			<xmin>316</xmin>
			<ymin>501</ymin>
			<xmax>400</xmax>
			<ymax>526</ymax>
		</bndbox>
	</object>
	<object>
		<name>indirim</name>
		<pose>Unspecified</pose>
		<truncated>Unspecified</truncated>
		<difficult>Unspecified</difficult>
		<bndbox>
			<xmin>403</xmin>
			<ymin>496</ymin>
			<xmax>514</xmax>
			<ymax>523</ymax>
		</bndbox>
	</object>
	<object>
		<name>varan</name>
		<pose>Unspecified</pose>
		<truncated>Unspecified</truncated>
		<difficult>Unspecified</difficult>
		<bndbox>
			<xmin>31</xmin>
			<ymin>499</ymin>
			<xmax>118</xmax>
			<ymax>526</ymax>
		</bndbox>
	</object>
	<object>
		<name>tl</name>
		<pose>Unspecified</pose>
		<truncated>Unspecified</truncated>
		<difficult>Unspecified</difficult>
		<bndbox>
			<xmin>120</xmin>
			<ymin>458</ymin>
			<xmax>164</xmax>
			<ymax>492</ymax>
		</bndbox>
	</object>
	<object>
		<name>indirim</name>
		<pose>Unspecified</pose>
		<truncated>Unspecified</truncated>
		<difficult>Unspecified</difficult>
		<bndbox>
			<xmin>121</xmin>
			<ymin>494</ymin>
			<xmax>227</xmax>
			<ymax>529</ymax>
		</bndbox>
	</object>
	<object>
		<name>alisveris</name>
		<pose>Unspecified</pose>
		<truncated>Unspecified</truncated>
		<difficult>Unspecified</difficult>
		<bndbox>
			<xmin>191</xmin>
			<ymin>573</ymin>
			<xmax>269</xmax>
			<ymax>599</ymax>
		</bndbox>
	</object>
</annotation>