<annotation>
	<folder>kursat</folder>
	<filename>SpamImage51_1.png</filename>
	<path>/kursat/SpamImage51_1.png</path>
	<source>
		<database>Unspecified</database>
	</source>
	<size>
		<width>597</width>
		<height>693</height>
		<depth>3</depth>
	</size>
	<object>
		<name>bedava</name>
		<pose>Unspecified</pose>
		<truncated>Unspecified</truncated>
		<difficult>Unspecified</difficult>
		<bndbox>
			<xmin>463</xmin>
			<ymin>142</ymin>
			<xmax>536</xmax>
			<ymax>160</ymax>
		</bndbox>
	</object>
	<object>
		<name>tl</name>
		<pose>Unspecified</pose>
		<truncated>Unspecified</truncated>
		<difficult>Unspecified</difficult>
		<bndbox>
			<xmin>500</xmin>
			<ymin>90</ymin>
			<xmax>518</xmax>
			<ymax>108</ymax>
		</bndbox>
	</object>
	<object>
		<name>uzeri</name>
		<pose>Unspecified</pose>
		<truncated>Unspecified</truncated>
		<difficult>Unspecified</difficult>
		<bndbox>
			<xmin>487</xmin>
			<ymin>108</ymin>
			<xmax>534</xmax>
			<ymax>125</ymax>
		</bndbox>
	</object>
	<object>
		<name>sepet</name>
		<pose>Unspecified</pose>
		<truncated>Unspecified</truncated>
		<difficult>Unspecified</difficult>
		<bndbox>
			<xmin>46</xmin>
			<ymin>124</ymin>
			<xmax>179</xmax>
			<ymax>152</ymax>
		</bndbox>
	</object>
	<object>
		<name>yuzde</name>
		<pose>Unspecified</pose>
		<truncated>Unspecified</truncated>
		<difficult>Unspecified</difficult>
		<bndbox>
			<xmin>184</xmin>
			<ymin>121</ymin>
			<xmax>212</xmax>
			<ymax>151</ymax>
		</bndbox>
	</object>
	<object>
		<name>indirim</name>
		<pose>Unspecified</pose>
		<truncated>Unspecified</truncated>
		<difficult>Unspecified</difficult>
		<bndbox>
			<xmin>249</xmin>
			<ymin>118</ymin>
			<xmax>393</xmax>
			<ymax>152</ymax>
		</bndbox>
	</object>
	<object>
		<name>firsat</name>
		<pose>Unspecified</pose>
		<truncated>Unspecified</truncated>
		<difficult>Unspecified</difficult>
		<bndbox>
			<xmin>301</xmin>
			<ymin>535</ymin>
			<xmax>386</xmax>
			<ymax>559</ymax>
		</bndbox>
	</object>
	<object>
		<name>fiyat</name>
		<pose>Unspecified</pose>
		<truncated>Unspecified</truncated>
		<difficult>Unspecified</difficult>
		<bndbox>
			<xmin>132</xmin>
			<ymin>674</ymin>
			<xmax>192</xmax>
			<ymax>693</ymax>
		</bndbox>
	</object>
</annotation>