<annotation>
	<folder>kursat</folder>
	<filename>SpamImage143_1.png</filename>
	<path>/kursat/SpamImage143_1.png</path>
	<source>
		<database>Unspecified</database>
	</source>
	<size>
		<width>615</width>
		<height>737</height>
		<depth>3</depth>
	</size>
	<object>
		<name>uzeri</name>
		<pose>Unspecified</pose>
		<truncated>Unspecified</truncated>
		<difficult>Unspecified</difficult>
		<bndbox>
			<xmin>261</xmin>
			<ymin>114</ymin>
			<xmax>458</xmax>
			<ymax>165</ymax>
		</bndbox>
	</object>
	<object>
		<name>firsat</name>
		<pose>Unspecified</pose>
		<truncated>Unspecified</truncated>
		<difficult>Unspecified</difficult>
		<bndbox>
			<xmin>92</xmin>
			<ymin>199</ymin>
			<xmax>155</xmax>
			<ymax>214</ymax>
		</bndbox>
	</object>
</annotation>