<annotation>
	<folder>kursat</folder>
	<filename>SpamImage25_1.png</filename>
	<path>/kursat/SpamImage25_1.png</path>
	<source>
		<database>Unspecified</database>
	</source>
	<size>
		<width>671</width>
		<height>775</height>
		<depth>3</depth>
	</size>
	<object>
		<name>yuzde</name>
		<pose>Unspecified</pose>
		<truncated>Unspecified</truncated>
		<difficult>Unspecified</difficult>
		<bndbox>
			<xmin>58</xmin>
			<ymin>127</ymin>
			<xmax>99</xmax>
			<ymax>165</ymax>
		</bndbox>
	</object>
	<object>
		<name>yuzde</name>
		<pose>Unspecified</pose>
		<truncated>Unspecified</truncated>
		<difficult>Unspecified</difficult>
		<bndbox>
			<xmin>85</xmin>
			<ymin>730</ymin>
			<xmax>105</xmax>
			<ymax>754</ymax>
		</bndbox>
	</object>
	<object>
		<name>varan</name>
		<pose>Unspecified</pose>
		<truncated>Unspecified</truncated>
		<difficult>Unspecified</difficult>
		<bndbox>
			<xmin>198</xmin>
			<ymin>125</ymin>
			<xmax>351</xmax>
			<ymax>168</ymax>
		</bndbox>
	</object>
	<object>
		<name>varan</name>
		<pose>Unspecified</pose>
		<truncated>Unspecified</truncated>
		<difficult>Unspecified</difficult>
		<bndbox>
			<xmin>148</xmin>
			<ymin>738</ymin>
			<xmax>199</xmax>
			<ymax>754</ymax>
		</bndbox>
	</object>
	<object>
		<name>indirim</name>
		<pose>Unspecified</pose>
		<truncated>Unspecified</truncated>
		<difficult>Unspecified</difficult>
		<bndbox>
			<xmin>63</xmin>
			<ymin>172</ymin>
			<xmax>304</xmax>
			<ymax>221</ymax>
		</bndbox>
	</object>
	<object>
		<name>indirim</name>
		<pose>Unspecified</pose>
		<truncated>Unspecified</truncated>
		<difficult>Unspecified</difficult>
		<bndbox>
			<xmin>201</xmin>
			<ymin>734</ymin>
			<xmax>288</xmax>
			<ymax>754</ymax>
		</bndbox>
	</object>
	<object>
		<name>firsat</name>
		<pose>Unspecified</pose>
		<truncated>Unspecified</truncated>
		<difficult>Unspecified</difficult>
		<bndbox>
			<xmin>337</xmin>
			<ymin>594</ymin>
			<xmax>421</xmax>
			<ymax>618</ymax>
		</bndbox>
	</object>
	<object>
		<name>urun</name>
		<pose>Unspecified</pose>
		<truncated>Unspecified</truncated>
		<difficult>Unspecified</difficult>
		<bndbox>
			<xmin>212</xmin>
			<ymin>710</ymin>
			<xmax>319</xmax>
			<ymax>731</ymax>
		</bndbox>
	</object>
	<object>
		<name>hediye</name>
		<pose>Unspecified</pose>
		<truncated>Unspecified</truncated>
		<difficult>Unspecified</difficult>
		<bndbox>
			<xmin>498</xmin>
			<ymin>734</ymin>
			<xmax>561</xmax>
			<ymax>756</ymax>
		</bndbox>
	</object>
	<object>
		<name>fiyat</name>
		<pose>Unspecified</pose>
		<truncated>Unspecified</truncated>
		<difficult>Unspecified</difficult>
		<bndbox>
			<xmin>500</xmin>
			<ymin>710</ymin>
			<xmax>579</xmax>
			<ymax>732</ymax>
		</bndbox>
	</object>
	<object>
		<name>urun</name>
		<pose>Unspecified</pose>
		<truncated>Unspecified</truncated>
		<difficult>Unspecified</difficult>
		<bndbox>
			<xmin>283</xmin>
			<ymin>82</ymin>
			<xmax>432</xmax>
			<ymax>113</ymax>
		</bndbox>
	</object>
</annotation>