<annotation>
	<folder>kursat</folder>
	<filename>SpamImage49_1.png</filename>
	<path>/kursat/SpamImage49_1.png</path>
	<source>
		<database>Unspecified</database>
	</source>
	<size>
		<width>605</width>
		<height>689</height>
		<depth>3</depth>
	</size>
	<object>
		<name>tl</name>
		<pose>Unspecified</pose>
		<truncated>Unspecified</truncated>
		<difficult>Unspecified</difficult>
		<bndbox>
			<xmin>102</xmin>
			<ymin>72</ymin>
			<xmax>136</xmax>
			<ymax>97</ymax>
		</bndbox>
	</object>
	<object>
		<name>sepet</name>
		<pose>Unspecified</pose>
		<truncated>Unspecified</truncated>
		<difficult>Unspecified</difficult>
		<bndbox>
			<xmin>45</xmin>
			<ymin>140</ymin>
			<xmax>203</xmax>
			<ymax>172</ymax>
		</bndbox>
	</object>
	<object>
		<name>yuzde</name>
		<pose>Unspecified</pose>
		<truncated>Unspecified</truncated>
		<difficult>Unspecified</difficult>
		<bndbox>
			<xmin>208</xmin>
			<ymin>140</ymin>
			<xmax>242</xmax>
			<ymax>172</ymax>
		</bndbox>
	</object>
	<object>
		<name>indirim</name>
		<pose>Unspecified</pose>
		<truncated>Unspecified</truncated>
		<difficult>Unspecified</difficult>
		<bndbox>
			<xmin>284</xmin>
			<ymin>133</ymin>
			<xmax>427</xmax>
			<ymax>173</ymax>
		</bndbox>
	</object>
	<object>
		<name>firsat</name>
		<pose>Unspecified</pose>
		<truncated>Unspecified</truncated>
		<difficult>Unspecified</difficult>
		<bndbox>
			<xmin>304</xmin>
			<ymin>534</ymin>
			<xmax>388</xmax>
			<ymax>557</ymax>
		</bndbox>
	</object>
	<object>
		<name>yuzde</name>
		<pose>Unspecified</pose>
		<truncated>Unspecified</truncated>
		<difficult>Unspecified</difficult>
		<bndbox>
			<xmin>72</xmin>
			<ymin>658</ymin>
			<xmax>92</xmax>
			<ymax>678</ymax>
		</bndbox>
	</object>
	<object>
		<name>varan</name>
		<pose>Unspecified</pose>
		<truncated>Unspecified</truncated>
		<difficult>Unspecified</difficult>
		<bndbox>
			<xmin>128</xmin>
			<ymin>659</ymin>
			<xmax>179</xmax>
			<ymax>677</ymax>
		</bndbox>
	</object>
	<object>
		<name>indirim</name>
		<pose>Unspecified</pose>
		<truncated>Unspecified</truncated>
		<difficult>Unspecified</difficult>
		<bndbox>
			<xmin>179</xmin>
			<ymin>659</ymin>
			<xmax>258</xmax>
			<ymax>677</ymax>
		</bndbox>
	</object>
	<object>
		<name>firsat</name>
		<pose>Unspecified</pose>
		<truncated>Unspecified</truncated>
		<difficult>Unspecified</difficult>
		<bndbox>
			<xmin>437</xmin>
			<ymin>660</ymin>
			<xmax>500</xmax>
			<ymax>678</ymax>
		</bndbox>
	</object>
</annotation>