<annotation>
	<folder>kursat</folder>
	<filename>SpamImage140_1.png</filename>
	<path>/kursat/SpamImage140_1.png</path>
	<source>
		<database>Unspecified</database>
	</source>
	<size>
		<width>680</width>
		<height>666</height>
		<depth>3</depth>
	</size>
	<object>
		<name>sepet</name>
		<pose>Unspecified</pose>
		<truncated>Unspecified</truncated>
		<difficult>Unspecified</difficult>
		<bndbox>
			<xmin>61</xmin>
			<ymin>81</ymin>
			<xmax>167</xmax>
			<ymax>112</ymax>
		</bndbox>
	</object>
	<object>
		<name>yuzde</name>
		<pose>Unspecified</pose>
		<truncated>Unspecified</truncated>
		<difficult>Unspecified</difficult>
		<bndbox>
			<xmin>171</xmin>
			<ymin>79</ymin>
			<xmax>198</xmax>
			<ymax>111</ymax>
		</bndbox>
	</object>
	<object>
		<name>varan</name>
		<pose>Unspecified</pose>
		<truncated>Unspecified</truncated>
		<difficult>Unspecified</difficult>
		<bndbox>
			<xmin>277</xmin>
			<ymin>84</ymin>
			<xmax>354</xmax>
			<ymax>111</ymax>
		</bndbox>
	</object>
	<object>
		<name>efsane</name>
		<pose>Unspecified</pose>
		<truncated>Unspecified</truncated>
		<difficult>Unspecified</difficult>
		<bndbox>
			<xmin>433</xmin>
			<ymin>122</ymin>
			<xmax>573</xmax>
			<ymax>153</ymax>
		</bndbox>
	</object>
	<object>
		<name>efsane</name>
		<pose>Unspecified</pose>
		<truncated>Unspecified</truncated>
		<difficult>Unspecified</difficult>
		<bndbox>
			<xmin>62</xmin>
			<ymin>122</ymin>
			<xmax>228</xmax>
			<ymax>163</ymax>
		</bndbox>
	</object>
	<object>
		<name>indirim</name>
		<pose>Unspecified</pose>
		<truncated>Unspecified</truncated>
		<difficult>Unspecified</difficult>
		<bndbox>
			<xmin>60</xmin>
			<ymin>172</ymin>
			<xmax>305</xmax>
			<ymax>219</ymax>
		</bndbox>
	</object>
	<object>
		<name>indirim</name>
		<pose>Unspecified</pose>
		<truncated>Unspecified</truncated>
		<difficult>Unspecified</difficult>
		<bndbox>
			<xmin>285</xmin>
			<ymin>609</ymin>
			<xmax>449</xmax>
			<ymax>646</ymax>
		</bndbox>
	</object>
</annotation>