<annotation>
	<folder>kursat</folder>
	<filename>SpamImage26_1.png</filename>
	<path>/kursat/SpamImage26_1.png</path>
	<source>
		<database>Unspecified</database>
	</source>
	<size>
		<width>788</width>
		<height>555</height>
		<depth>3</depth>
	</size>
	<object>
		<name>hemen</name>
		<pose>Unspecified</pose>
		<truncated>Unspecified</truncated>
		<difficult>Unspecified</difficult>
		<bndbox>
			<xmin>41</xmin>
			<ymin>394</ymin>
			<xmax>111</xmax>
			<ymax>420</ymax>
		</bndbox>
	</object>
</annotation>