<annotation>
	<folder>kursat</folder>
	<filename>SpamImage7_1.png</filename>
	<path>/kursat/SpamImage7_1.png</path>
	<source>
		<database>Unspecified</database>
	</source>
	<size>
		<width>595</width>
		<height>771</height>
		<depth>3</depth>
	</size>
	<object>
		<name>market</name>
		<pose>Unspecified</pose>
		<truncated>Unspecified</truncated>
		<difficult>Unspecified</difficult>
		<bndbox>
			<xmin>183</xmin>
			<ymin>253</ymin>
			<xmax>257</xmax>
			<ymax>275</ymax>
		</bndbox>
	</object>
	<object>
		<name>alisveris</name>
		<pose>Unspecified</pose>
		<truncated>Unspecified</truncated>
		<difficult>Unspecified</difficult>
		<bndbox>
			<xmin>261</xmin>
			<ymin>252</ymin>
			<xmax>375</xmax>
			<ymax>279</ymax>
		</bndbox>
	</object>
	<object>
		<name>ozel</name>
		<pose>Unspecified</pose>
		<truncated>Unspecified</truncated>
		<difficult>Unspecified</difficult>
		<bndbox>
			<xmin>379</xmin>
			<ymin>252</ymin>
			<xmax>424</xmax>
			<ymax>277</ymax>
		</bndbox>
	</object>
	<object>
		<name>tl</name>
		<pose>Unspecified</pose>
		<truncated>Unspecified</truncated>
		<difficult>Unspecified</difficult>
		<bndbox>
			<xmin>313</xmin>
			<ymin>285</ymin>
			<xmax>447</xmax>
			<ymax>376</ymax>
		</bndbox>
	</object>
	<object>
		<name>indirim</name>
		<pose>Unspecified</pose>
		<truncated>Unspecified</truncated>
		<difficult>Unspecified</difficult>
		<bndbox>
			<xmin>79</xmin>
			<ymin>378</ymin>
			<xmax>506</xmax>
			<ymax>488</ymax>
		</bndbox>
	</object>
	<object>
		<name>firsat</name>
		<pose>Unspecified</pose>
		<truncated>Unspecified</truncated>
		<difficult>Unspecified</difficult>
		<bndbox>
			<xmin>252</xmin>
			<ymin>552</ymin>
			<xmax>298</xmax>
			<ymax>573</ymax>
		</bndbox>
	</object>
	<object>
		<name>kacirma</name>
		<pose>Unspecified</pose>
		<truncated>Unspecified</truncated>
		<difficult>Unspecified</difficult>
		<bndbox>
			<xmin>300</xmin>
			<ymin>553</ymin>
			<xmax>359</xmax>
			<ymax>576</ymax>
		</bndbox>
	</object>
</annotation>