<annotation>
	<folder>kursat</folder>
	<filename>SpamImage90_1.png</filename>
	<path>/kursat/SpamImage90_1.png</path>
	<source>
		<database>Unspecified</database>
	</source>
	<size>
		<width>669</width>
		<height>687</height>
		<depth>3</depth>
	</size>
	<object>
		<name>yuzde</name>
		<pose>Unspecified</pose>
		<truncated>Unspecified</truncated>
		<difficult>Unspecified</difficult>
		<bndbox>
			<xmin>47</xmin>
			<ymin>161</ymin>
			<xmax>87</xmax>
			<ymax>198</ymax>
		</bndbox>
	</object>
	<object>
		<name>varan</name>
		<pose>Unspecified</pose>
		<truncated>Unspecified</truncated>
		<difficult>Unspecified</difficult>
		<bndbox>
			<xmin>173</xmin>
			<ymin>163</ymin>
			<xmax>306</xmax>
			<ymax>199</ymax>
		</bndbox>
	</object>
	<object>
		<name>indirim</name>
		<pose>Unspecified</pose>
		<truncated>Unspecified</truncated>
		<difficult>Unspecified</difficult>
		<bndbox>
			<xmin>466</xmin>
			<ymin>168</ymin>
			<xmax>531</xmax>
			<ymax>187</ymax>
		</bndbox>
	</object>
	<object>
		<name>indirim</name>
		<pose>Unspecified</pose>
		<truncated>Unspecified</truncated>
		<difficult>Unspecified</difficult>
		<bndbox>
			<xmin>46</xmin>
			<ymin>206</ymin>
			<xmax>266</xmax>
			<ymax>250</ymax>
		</bndbox>
	</object>
	<object>
		<name>indirim</name>
		<pose>Unspecified</pose>
		<truncated>Unspecified</truncated>
		<difficult>Unspecified</difficult>
		<bndbox>
			<xmin>211</xmin>
			<ymin>581</ymin>
			<xmax>308</xmax>
			<ymax>618</ymax>
		</bndbox>
	</object>
	<object>
		<name>ozel</name>
		<pose>Unspecified</pose>
		<truncated>Unspecified</truncated>
		<difficult>Unspecified</difficult>
		<bndbox>
			<xmin>461</xmin>
			<ymin>586</ymin>
			<xmax>525</xmax>
			<ymax>619</ymax>
		</bndbox>
	</object>
	<object>
		<name>firsat</name>
		<pose>Unspecified</pose>
		<truncated>Unspecified</truncated>
		<difficult>Unspecified</difficult>
		<bndbox>
			<xmin>224</xmin>
			<ymin>622</ymin>
			<xmax>412</xmax>
			<ymax>649</ymax>
		</bndbox>
	</object>
</annotation>