<annotation>
	<folder>kursat</folder>
	<filename>SpamImage75_1.png</filename>
	<path>/kursat/SpamImage75_1.png</path>
	<source>
		<database>Unspecified</database>
	</source>
	<size>
		<width>605</width>
		<height>687</height>
		<depth>3</depth>
	</size>
	<object>
		<name>urun</name>
		<pose>Unspecified</pose>
		<truncated>Unspecified</truncated>
		<difficult>Unspecified</difficult>
		<bndbox>
			<xmin>182</xmin>
			<ymin>69</ymin>
			<xmax>335</xmax>
			<ymax>95</ymax>
		</bndbox>
	</object>
	<object>
		<name>yuzde</name>
		<pose>Unspecified</pose>
		<truncated>Unspecified</truncated>
		<difficult>Unspecified</difficult>
		<bndbox>
			<xmin>47</xmin>
			<ymin>112</ymin>
			<xmax>82</xmax>
			<ymax>146</ymax>
		</bndbox>
	</object>
	<object>
		<name>varan</name>
		<pose>Unspecified</pose>
		<truncated>Unspecified</truncated>
		<difficult>Unspecified</difficult>
		<bndbox>
			<xmin>157</xmin>
			<ymin>114</ymin>
			<xmax>280</xmax>
			<ymax>144</ymax>
		</bndbox>
	</object>
	<object>
		<name>alisveris</name>
		<pose>Unspecified</pose>
		<truncated>Unspecified</truncated>
		<difficult>Unspecified</difficult>
		<bndbox>
			<xmin>402</xmin>
			<ymin>77</ymin>
			<xmax>589</xmax>
			<ymax>123</ymax>
		</bndbox>
	</object>
	<object>
		<name>indirim</name>
		<pose>Unspecified</pose>
		<truncated>Unspecified</truncated>
		<difficult>Unspecified</difficult>
		<bndbox>
			<xmin>50</xmin>
			<ymin>152</ymin>
			<xmax>245</xmax>
			<ymax>192</ymax>
		</bndbox>
	</object>
	<object>
		<name>firsat</name>
		<pose>Unspecified</pose>
		<truncated>Unspecified</truncated>
		<difficult>Unspecified</difficult>
		<bndbox>
			<xmin>252</xmin>
			<ymin>525</ymin>
			<xmax>451</xmax>
			<ymax>552</ymax>
		</bndbox>
	</object>
	<object>
		<name>alisveris</name>
		<pose>Unspecified</pose>
		<truncated>Unspecified</truncated>
		<difficult>Unspecified</difficult>
		<bndbox>
			<xmin>83</xmin>
			<ymin>555</ymin>
			<xmax>192</xmax>
			<ymax>590</ymax>
		</bndbox>
	</object>
	<object>
		<name>indirim</name>
		<pose>Unspecified</pose>
		<truncated>Unspecified</truncated>
		<difficult>Unspecified</difficult>
		<bndbox>
			<xmin>278</xmin>
			<ymin>557</ymin>
			<xmax>426</xmax>
			<ymax>583</ymax>
		</bndbox>
	</object>
	<object>
		<name>yuzde</name>
		<pose>Unspecified</pose>
		<truncated>Unspecified</truncated>
		<difficult>Unspecified</difficult>
		<bndbox>
			<xmin>72</xmin>
			<ymin>657</ymin>
			<xmax>93</xmax>
			<ymax>678</ymax>
		</bndbox>
	</object>
	<object>
		<name>varan</name>
		<pose>Unspecified</pose>
		<truncated>Unspecified</truncated>
		<difficult>Unspecified</difficult>
		<bndbox>
			<xmin>129</xmin>
			<ymin>659</ymin>
			<xmax>177</xmax>
			<ymax>678</ymax>
		</bndbox>
	</object>
	<object>
		<name>indirim</name>
		<pose>Unspecified</pose>
		<truncated>Unspecified</truncated>
		<difficult>Unspecified</difficult>
		<bndbox>
			<xmin>178</xmin>
			<ymin>659</ymin>
			<xmax>256</xmax>
			<ymax>678</ymax>
		</bndbox>
	</object>
	<object>
		<name>yuzde</name>
		<pose>Unspecified</pose>
		<truncated>Unspecified</truncated>
		<difficult>Unspecified</difficult>
		<bndbox>
			<xmin>353</xmin>
			<ymin>658</ymin>
			<xmax>369</xmax>
			<ymax>676</ymax>
		</bndbox>
	</object>
	<object>
		<name>varan</name>
		<pose>Unspecified</pose>
		<truncated>Unspecified</truncated>
		<difficult>Unspecified</difficult>
		<bndbox>
			<xmin>406</xmin>
			<ymin>657</ymin>
			<xmax>455</xmax>
			<ymax>680</ymax>
		</bndbox>
	</object>
	<object>
		<name>indirim</name>
		<pose>Unspecified</pose>
		<truncated>Unspecified</truncated>
		<difficult>Unspecified</difficult>
		<bndbox>
			<xmin>457</xmin>
			<ymin>658</ymin>
			<xmax>534</xmax>
			<ymax>679</ymax>
		</bndbox>
	</object>
	<object>
		<name>urun</name>
		<pose>Unspecified</pose>
		<truncated>Unspecified</truncated>
		<difficult>Unspecified</difficult>
		<bndbox>
			<xmin>463</xmin>
			<ymin>637</ymin>
			<xmax>541</xmax>
			<ymax>656</ymax>
		</bndbox>
	</object>
</annotation>