<annotation>
	<folder>kursat</folder>
	<filename>SpamImage125_1.png</filename>
	<path>/kursat/SpamImage125_1.png</path>
	<source>
		<database>Unspecified</database>
	</source>
	<size>
		<width>662</width>
		<height>581</height>
		<depth>3</depth>
	</size>
	<object>
		<name>tl</name>
		<pose>Unspecified</pose>
		<truncated>Unspecified</truncated>
		<difficult>Unspecified</difficult>
		<bndbox>
			<xmin>340</xmin>
			<ymin>366</ymin>
			<xmax>393</xmax>
			<ymax>407</ymax>
		</bndbox>
	</object>
	<object>
		<name>fiyat</name>
		<pose>Unspecified</pose>
		<truncated>Unspecified</truncated>
		<difficult>Unspecified</difficult>
		<bndbox>
			<xmin>323</xmin>
			<ymin>323</ymin>
			<xmax>417</xmax>
			<ymax>369</ymax>
		</bndbox>
	</object>
</annotation>