<annotation>
	<folder>kursat</folder>
	<filename>SpamImage121_1.png</filename>
	<path>/kursat/SpamImage121_1.png</path>
	<source>
		<database>Unspecified</database>
	</source>
	<size>
		<width>534</width>
		<height>770</height>
		<depth>3</depth>
	</size>
	<object>
		<name>tl</name>
		<pose>Unspecified</pose>
		<truncated>Unspecified</truncated>
		<difficult>Unspecified</difficult>
		<bndbox>
			<xmin>421</xmin>
			<ymin>472</ymin>
			<xmax>454</xmax>
			<ymax>498</ymax>
		</bndbox>
	</object>
</annotation>