<annotation>
	<folder>kursat</folder>
	<filename>SpamImage14_1.png</filename>
	<path>/kursat/SpamImage14_1.png</path>
	<source>
		<database>Unspecified</database>
	</source>
	<size>
		<width>508</width>
		<height>693</height>
		<depth>3</depth>
	</size>
	<object>
		<name>ucretsiz</name>
		<pose>Unspecified</pose>
		<truncated>Unspecified</truncated>
		<difficult>Unspecified</difficult>
		<bndbox>
			<xmin>77</xmin>
			<ymin>177</ymin>
			<xmax>154</xmax>
			<ymax>201</ymax>
		</bndbox>
	</object>
	<object>
		<name>ucretsiz</name>
		<pose>Unspecified</pose>
		<truncated>Unspecified</truncated>
		<difficult>Unspecified</difficult>
		<bndbox>
			<xmin>319</xmin>
			<ymin>584</ymin>
			<xmax>370</xmax>
			<ymax>611</ymax>
		</bndbox>
	</object>
	<object>
		<name>ucretsiz</name>
		<pose>Unspecified</pose>
		<truncated>Unspecified</truncated>
		<difficult>Unspecified</difficult>
		<bndbox>
			<xmin>190</xmin>
			<ymin>645</ymin>
			<xmax>265</xmax>
			<ymax>669</ymax>
		</bndbox>
	</object>
</annotation>