<annotation>
	<folder>kursat</folder>
	<filename>SpamImage70_1.png</filename>
	<path>/kursat/SpamImage70_1.png</path>
	<source>
		<database>Unspecified</database>
	</source>
	<size>
		<width>672</width>
		<height>673</height>
		<depth>3</depth>
	</size>
	<object>
		<name>yuzde</name>
		<pose>Unspecified</pose>
		<truncated>Unspecified</truncated>
		<difficult>Unspecified</difficult>
		<bndbox>
			<xmin>60</xmin>
			<ymin>129</ymin>
			<xmax>102</xmax>
			<ymax>176</ymax>
		</bndbox>
	</object>
	<object>
		<name>varan</name>
		<pose>Unspecified</pose>
		<truncated>Unspecified</truncated>
		<difficult>Unspecified</difficult>
		<bndbox>
			<xmin>221</xmin>
			<ymin>131</ymin>
			<xmax>369</xmax>
			<ymax>172</ymax>
		</bndbox>
	</object>
	<object>
		<name>indirim</name>
		<pose>Unspecified</pose>
		<truncated>Unspecified</truncated>
		<difficult>Unspecified</difficult>
		<bndbox>
			<xmin>57</xmin>
			<ymin>180</ymin>
			<xmax>296</xmax>
			<ymax>230</ymax>
		</bndbox>
	</object>
	<object>
		<name>urun</name>
		<pose>Unspecified</pose>
		<truncated>Unspecified</truncated>
		<difficult>Unspecified</difficult>
		<bndbox>
			<xmin>337</xmin>
			<ymin>88</ymin>
			<xmax>507</xmax>
			<ymax>118</ymax>
		</bndbox>
	</object>
	<object>
		<name>firsat</name>
		<pose>Unspecified</pose>
		<truncated>Unspecified</truncated>
		<difficult>Unspecified</difficult>
		<bndbox>
			<xmin>339</xmin>
			<ymin>589</ymin>
			<xmax>432</xmax>
			<ymax>618</ymax>
		</bndbox>
	</object>
</annotation>