<annotation>
	<folder>kursat</folder>
	<filename>SpamImage80_1.png</filename>
	<path>/kursat/SpamImage80_1.png</path>
	<source>
		<database>Unspecified</database>
	</source>
	<size>
		<width>683</width>
		<height>699</height>
		<depth>3</depth>
	</size>
	<object>
		<name>tl</name>
		<pose>Unspecified</pose>
		<truncated>Unspecified</truncated>
		<difficult>Unspecified</difficult>
		<bndbox>
			<xmin>606</xmin>
			<ymin>618</ymin>
			<xmax>626</xmax>
			<ymax>632</ymax>
		</bndbox>
	</object>
	<object>
		<name>ozel</name>
		<pose>Unspecified</pose>
		<truncated>Unspecified</truncated>
		<difficult>Unspecified</difficult>
		<bndbox>
			<xmin>22</xmin>
			<ymin>611</ymin>
			<xmax>61</xmax>
			<ymax>632</ymax>
		</bndbox>
	</object>
</annotation>