<annotation>
	<folder>kursat</folder>
	<filename>SpamImage129_1.png</filename>
	<path>/kursat/SpamImage129_1.png</path>
	<source>
		<database>Unspecified</database>
	</source>
	<size>
		<width>663</width>
		<height>657</height>
		<depth>3</depth>
	</size>
	<object>
		<name>firsat</name>
		<pose>Unspecified</pose>
		<truncated>Unspecified</truncated>
		<difficult>Unspecified</difficult>
		<bndbox>
			<xmin>328</xmin>
			<ymin>470</ymin>
			<xmax>611</xmax>
			<ymax>508</ymax>
		</bndbox>
	</object>
	<object>
		<name>kacirma</name>
		<pose>Unspecified</pose>
		<truncated>Unspecified</truncated>
		<difficult>Unspecified</difficult>
		<bndbox>
			<xmin>339</xmin>
			<ymin>605</ymin>
			<xmax>425</xmax>
			<ymax>636</ymax>
		</bndbox>
	</object>
</annotation>