<annotation>
	<folder>kursat</folder>
	<filename>SpamImage42_1.png</filename>
	<path>/kursat/SpamImage42_1.png</path>
	<source>
		<database>Unspecified</database>
	</source>
	<size>
		<width>592</width>
		<height>761</height>
		<depth>3</depth>
	</size>
	<object>
		<name>tl</name>
		<pose>Unspecified</pose>
		<truncated>Unspecified</truncated>
		<difficult>Unspecified</difficult>
		<bndbox>
			<xmin>153</xmin>
			<ymin>128</ymin>
			<xmax>189</xmax>
			<ymax>153</ymax>
		</bndbox>
	</object>
	<object>
		<name>tl</name>
		<pose>Unspecified</pose>
		<truncated>Unspecified</truncated>
		<difficult>Unspecified</difficult>
		<bndbox>
			<xmin>337</xmin>
			<ymin>159</ymin>
			<xmax>375</xmax>
			<ymax>186</ymax>
		</bndbox>
	</object>
	<object>
		<name>market</name>
		<pose>Unspecified</pose>
		<truncated>Unspecified</truncated>
		<difficult>Unspecified</difficult>
		<bndbox>
			<xmin>380</xmin>
			<ymin>125</ymin>
			<xmax>500</xmax>
			<ymax>151</ymax>
		</bndbox>
	</object>
	<object>
		<name>indirim</name>
		<pose>Unspecified</pose>
		<truncated>Unspecified</truncated>
		<difficult>Unspecified</difficult>
		<bndbox>
			<xmin>376</xmin>
			<ymin>154</ymin>
			<xmax>494</xmax>
			<ymax>187</ymax>
		</bndbox>
	</object>
	<object>
		<name>alisveris</name>
		<pose>Unspecified</pose>
		<truncated>Unspecified</truncated>
		<difficult>Unspecified</difficult>
		<bndbox>
			<xmin>200</xmin>
			<ymin>700</ymin>
			<xmax>326</xmax>
			<ymax>729</ymax>
		</bndbox>
	</object>
</annotation>