<annotation>
	<folder>kursat</folder>
	<filename>SpamImage127_1.png</filename>
	<path>/kursat/SpamImage127_1.png</path>
	<source>
		<database>Unspecified</database>
	</source>
	<size>
		<width>515</width>
		<height>686</height>
		<depth>3</depth>
	</size>
	<object>
		<name>tl</name>
		<pose>Unspecified</pose>
		<truncated>Unspecified</truncated>
		<difficult>Unspecified</difficult>
		<bndbox>
			<xmin>436</xmin>
			<ymin>362</ymin>
			<xmax>479</xmax>
			<ymax>405</ymax>
		</bndbox>
	</object>
</annotation>