<annotation>
	<folder>kursat</folder>
	<filename>SpamImage30_1.png</filename>
	<path>/kursat/SpamImage30_1.png</path>
	<source>
		<database>Unspecified</database>
	</source>
	<size>
		<width>476</width>
		<height>802</height>
		<depth>3</depth>
	</size>
	<object>
		<name>tl</name>
		<pose>Unspecified</pose>
		<truncated>Unspecified</truncated>
		<difficult>Unspecified</difficult>
		<bndbox>
			<xmin>111</xmin>
			<ymin>371</ymin>
			<xmax>143</xmax>
			<ymax>402</ymax>
		</bndbox>
	</object>
</annotation>