<annotation>
	<folder>kursat</folder>
	<filename>SpamImage57_1.png</filename>
	<path>/kursat/SpamImage57_1.png</path>
	<source>
		<database>Unspecified</database>
	</source>
	<size>
		<width>606</width>
		<height>742</height>
		<depth>3</depth>
	</size>
	<object>
		<name>tl</name>
		<pose>Unspecified</pose>
		<truncated>Unspecified</truncated>
		<difficult>Unspecified</difficult>
		<bndbox>
			<xmin>268</xmin>
			<ymin>217</ymin>
			<xmax>412</xmax>
			<ymax>319</ymax>
		</bndbox>
	</object>
	<object>
		<name>ozel</name>
		<pose>Unspecified</pose>
		<truncated>Unspecified</truncated>
		<difficult>Unspecified</difficult>
		<bndbox>
			<xmin>347</xmin>
			<ymin>45</ymin>
			<xmax>493</xmax>
			<ymax>108</ymax>
		</bndbox>
	</object>
	<object>
		<name>indirim</name>
		<pose>Unspecified</pose>
		<truncated>Unspecified</truncated>
		<difficult>Unspecified</difficult>
		<bndbox>
			<xmin>259</xmin>
			<ymin>107</ymin>
			<xmax>476</xmax>
			<ymax>174</ymax>
		</bndbox>
	</object>
	<object>
		<name>market</name>
		<pose>Unspecified</pose>
		<truncated>Unspecified</truncated>
		<difficult>Unspecified</difficult>
		<bndbox>
			<xmin>40</xmin>
			<ymin>627</ymin>
			<xmax>129</xmax>
			<ymax>649</ymax>
		</bndbox>
	</object>
	<object>
		<name>alisveris</name>
		<pose>Unspecified</pose>
		<truncated>Unspecified</truncated>
		<difficult>Unspecified</difficult>
		<bndbox>
			<xmin>222</xmin>
			<ymin>705</ymin>
			<xmax>322</xmax>
			<ymax>727</ymax>
		</bndbox>
	</object>
</annotation>