<annotation>
	<folder>kursat</folder>
	<filename>SpamImage2_1.png</filename>
	<path>/kursat/SpamImage2_1.png</path>
	<source>
		<database>Unspecified</database>
	</source>
	<size>
		<width>509</width>
		<height>447</height>
		<depth>3</depth>
	</size>
	<object>
		<name>yuzde</name>
		<pose>Unspecified</pose>
		<truncated>Unspecified</truncated>
		<difficult>Unspecified</difficult>
		<bndbox>
			<xmin>5</xmin>
			<ymin>229</ymin>
			<xmax>18</xmax>
			<ymax>244</ymax>
		</bndbox>
	</object>
	<object>
		<name>yuzde</name>
		<pose>Unspecified</pose>
		<truncated>Unspecified</truncated>
		<difficult>Unspecified</difficult>
		<bndbox>
			<xmin>97</xmin>
			<ymin>257</ymin>
			<xmax>110</xmax>
			<ymax>272</ymax>
		</bndbox>
	</object>
	<object>
		<name>alisveris</name>
		<pose>Unspecified</pose>
		<truncated>Unspecified</truncated>
		<difficult>Unspecified</difficult>
		<bndbox>
			<xmin>69</xmin>
			<ymin>215</ymin>
			<xmax>151</xmax>
			<ymax>230</ymax>
		</bndbox>
	</object>
	<object>
		<name>varan</name>
		<pose>Unspecified</pose>
		<truncated>Unspecified</truncated>
		<difficult>Unspecified</difficult>
		<bndbox>
			<xmin>136</xmin>
			<ymin>261</ymin>
			<xmax>174</xmax>
			<ymax>273</ymax>
		</bndbox>
	</object>
	<object>
		<name>indirim</name>
		<pose>Unspecified</pose>
		<truncated>Unspecified</truncated>
		<difficult>Unspecified</difficult>
		<bndbox>
			<xmin>45</xmin>
			<ymin>273</ymin>
			<xmax>103</xmax>
			<ymax>288</ymax>
		</bndbox>
	</object>
	<object>
		<name>hemen</name>
		<pose>Unspecified</pose>
		<truncated>Unspecified</truncated>
		<difficult>Unspecified</difficult>
		<bndbox>
			<xmin>23</xmin>
			<ymin>391</ymin>
			<xmax>68</xmax>
			<ymax>409</ymax>
		</bndbox>
	</object>
</annotation>