<annotation>
	<folder>kursat</folder>
	<filename>SpamImage145_1.png</filename>
	<path>/kursat/SpamImage145_1.png</path>
	<source>
		<database>Unspecified</database>
	</source>
	<size>
		<width>681</width>
		<height>731</height>
		<depth>3</depth>
	</size>
	<object>
		<name>hediye</name>
		<pose>Unspecified</pose>
		<truncated>Unspecified</truncated>
		<difficult>Unspecified</difficult>
		<bndbox>
			<xmin>115</xmin>
			<ymin>135</ymin>
			<xmax>190</xmax>
			<ymax>168</ymax>
		</bndbox>
	</object>
	<object>
		<name>alisveris</name>
		<pose>Unspecified</pose>
		<truncated>Unspecified</truncated>
		<difficult>Unspecified</difficult>
		<bndbox>
			<xmin>326</xmin>
			<ymin>573</ymin>
			<xmax>459</xmax>
			<ymax>602</ymax>
		</bndbox>
	</object>
	<object>
		<name>sepet</name>
		<pose>Unspecified</pose>
		<truncated>Unspecified</truncated>
		<difficult>Unspecified</difficult>
		<bndbox>
			<xmin>464</xmin>
			<ymin>571</ymin>
			<xmax>544</xmax>
			<ymax>601</ymax>
		</bndbox>
	</object>
	<object>
		<name>tl</name>
		<pose>Unspecified</pose>
		<truncated>Unspecified</truncated>
		<difficult>Unspecified</difficult>
		<bndbox>
			<xmin>246</xmin>
			<ymin>609</ymin>
			<xmax>308</xmax>
			<ymax>662</ymax>
		</bndbox>
	</object>
	<object>
		<name>indirim</name>
		<pose>Unspecified</pose>
		<truncated>Unspecified</truncated>
		<difficult>Unspecified</difficult>
		<bndbox>
			<xmin>312</xmin>
			<ymin>603</ymin>
			<xmax>507</xmax>
			<ymax>654</ymax>
		</bndbox>
	</object>
	<object>
		<name>tl</name>
		<pose>Unspecified</pose>
		<truncated>Unspecified</truncated>
		<difficult>Unspecified</difficult>
		<bndbox>
			<xmin>237</xmin>
			<ymin>680</ymin>
			<xmax>262</xmax>
			<ymax>706</ymax>
		</bndbox>
	</object>
	<object>
		<name>uzeri</name>
		<pose>Unspecified</pose>
		<truncated>Unspecified</truncated>
		<difficult>Unspecified</difficult>
		<bndbox>
			<xmin>287</xmin>
			<ymin>679</ymin>
			<xmax>364</xmax>
			<ymax>704</ymax>
		</bndbox>
	</object>
	<object>
		<name>indirim</name>
		<pose>Unspecified</pose>
		<truncated>Unspecified</truncated>
		<difficult>Unspecified</difficult>
		<bndbox>
			<xmin>322</xmin>
			<ymin>706</ymin>
			<xmax>388</xmax>
			<ymax>725</ymax>
		</bndbox>
	</object>
	<object>
		<name>kacirma</name>
		<pose>Unspecified</pose>
		<truncated>Unspecified</truncated>
		<difficult>Unspecified</difficult>
		<bndbox>
			<xmin>391</xmin>
			<ymin>705</ymin>
			<xmax>468</xmax>
			<ymax>725</ymax>
		</bndbox>
	</object>
</annotation>