<annotation>
	<folder>kursat</folder>
	<filename>SpamImage81_1.png</filename>
	<path>/kursat/SpamImage81_1.png</path>
	<source>
		<database>Unspecified</database>
	</source>
	<size>
		<width>711</width>
		<height>756</height>
		<depth>3</depth>
	</size>
	<object>
		<name>sepet</name>
		<pose>Unspecified</pose>
		<truncated>Unspecified</truncated>
		<difficult>Unspecified</difficult>
		<bndbox>
			<xmin>376</xmin>
			<ymin>337</ymin>
			<xmax>518</xmax>
			<ymax>369</ymax>
		</bndbox>
	</object>
	<object>
		<name>tl</name>
		<pose>Unspecified</pose>
		<truncated>Unspecified</truncated>
		<difficult>Unspecified</difficult>
		<bndbox>
			<xmin>507</xmin>
			<ymin>374</ymin>
			<xmax>619</xmax>
			<ymax>443</ymax>
		</bndbox>
	</object>
	<object>
		<name>varan</name>
		<pose>Unspecified</pose>
		<truncated>Unspecified</truncated>
		<difficult>Unspecified</difficult>
		<bndbox>
			<xmin>460</xmin>
			<ymin>443</ymin>
			<xmax>554</xmax>
			<ymax>471</ymax>
		</bndbox>
	</object>
	<object>
		<name>indirim</name>
		<pose>Unspecified</pose>
		<truncated>Unspecified</truncated>
		<difficult>Unspecified</difficult>
		<bndbox>
			<xmin>377</xmin>
			<ymin>472</ymin>
			<xmax>630</xmax>
			<ymax>535</ymax>
		</bndbox>
	</object>
	<object>
		<name>alisveris</name>
		<pose>Unspecified</pose>
		<truncated>Unspecified</truncated>
		<difficult>Unspecified</difficult>
		<bndbox>
			<xmin>392</xmin>
			<ymin>579</ymin>
			<xmax>533</xmax>
			<ymax>608</ymax>
		</bndbox>
	</object>
	<object>
		<name>sepet</name>
		<pose>Unspecified</pose>
		<truncated>Unspecified</truncated>
		<difficult>Unspecified</difficult>
		<bndbox>
			<xmin>251</xmin>
			<ymin>163</ymin>
			<xmax>292</xmax>
			<ymax>176</ymax>
		</bndbox>
	</object>
</annotation>