<annotation>
	<folder>kursat</folder>
	<filename>SpamImage107_1.png</filename>
	<path>/kursat/SpamImage107_1.png</path>
	<source>
		<database>Unspecified</database>
	</source>
	<size>
		<width>675</width>
		<height>576</height>
		<depth>3</depth>
	</size>
	<object>
		<name>avantaj</name>
		<pose>Unspecified</pose>
		<truncated>Unspecified</truncated>
		<difficult>Unspecified</difficult>
		<bndbox>
			<xmin>168</xmin>
			<ymin>124</ymin>
			<xmax>441</xmax>
			<ymax>170</ymax>
		</bndbox>
	</object>
</annotation>