<annotation>
	<folder>kursat</folder>
	<filename>SpamImage15_1.png</filename>
	<path>/kursat/SpamImage15_1.png</path>
	<source>
		<database>Unspecified</database>
	</source>
	<size>
		<width>672</width>
		<height>775</height>
		<depth>3</depth>
	</size>
	<object>
		<name>firsat</name>
		<pose>Unspecified</pose>
		<truncated>Unspecified</truncated>
		<difficult>Unspecified</difficult>
		<bndbox>
			<xmin>56</xmin>
			<ymin>182</ymin>
			<xmax>300</xmax>
			<ymax>221</ymax>
		</bndbox>
	</object>
	<object>
		<name>firsat</name>
		<pose>Unspecified</pose>
		<truncated>Unspecified</truncated>
		<difficult>Unspecified</difficult>
		<bndbox>
			<xmin>337</xmin>
			<ymin>590</ymin>
			<xmax>430</xmax>
			<ymax>621</ymax>
		</bndbox>
	</object>
	<object>
		<name>tl</name>
		<pose>Unspecified</pose>
		<truncated>Unspecified</truncated>
		<difficult>Unspecified</difficult>
		<bndbox>
			<xmin>139</xmin>
			<ymin>319</ymin>
			<xmax>177</xmax>
			<ymax>346</ymax>
		</bndbox>
	</object>
	<object>
		<name>tl</name>
		<pose>Unspecified</pose>
		<truncated>Unspecified</truncated>
		<difficult>Unspecified</difficult>
		<bndbox>
			<xmin>219</xmin>
			<ymin>362</ymin>
			<xmax>284</xmax>
			<ymax>405</ymax>
		</bndbox>
	</object>
	<object>
		<name>yuzde</name>
		<pose>Unspecified</pose>
		<truncated>Unspecified</truncated>
		<difficult>Unspecified</difficult>
		<bndbox>
			<xmin>85</xmin>
			<ymin>740</ymin>
			<xmax>104</xmax>
			<ymax>761</ymax>
		</bndbox>
	</object>
	<object>
		<name>varan</name>
		<pose>Unspecified</pose>
		<truncated>Unspecified</truncated>
		<difficult>Unspecified</difficult>
		<bndbox>
			<xmin>145</xmin>
			<ymin>745</ymin>
			<xmax>199</xmax>
			<ymax>761</ymax>
		</bndbox>
	</object>
	<object>
		<name>indirim</name>
		<pose>Unspecified</pose>
		<truncated>Unspecified</truncated>
		<difficult>Unspecified</difficult>
		<bndbox>
			<xmin>200</xmin>
			<ymin>740</ymin>
			<xmax>286</xmax>
			<ymax>764</ymax>
		</bndbox>
	</object>
</annotation>