<annotation>
	<folder>kursat</folder>
	<filename>SpamImage134_1.png</filename>
	<path>/kursat/SpamImage134_1.png</path>
	<source>
		<database>Unspecified</database>
	</source>
	<size>
		<width>670</width>
		<height>572</height>
		<depth>3</depth>
	</size>
	<object>
		<name>urun</name>
		<pose>Unspecified</pose>
		<truncated>Unspecified</truncated>
		<difficult>Unspecified</difficult>
		<bndbox>
			<xmin>207</xmin>
			<ymin>89</ymin>
			<xmax>343</xmax>
			<ymax>119</ymax>
		</bndbox>
	</object>
	<object>
		<name>indirim</name>
		<pose>Unspecified</pose>
		<truncated>Unspecified</truncated>
		<difficult>Unspecified</difficult>
		<bndbox>
			<xmin>309</xmin>
			<ymin>130</ymin>
			<xmax>518</xmax>
			<ymax>173</ymax>
		</bndbox>
	</object>
	<object>
		<name>varan</name>
		<pose>Unspecified</pose>
		<truncated>Unspecified</truncated>
		<difficult>Unspecified</difficult>
		<bndbox>
			<xmin>174</xmin>
			<ymin>136</ymin>
			<xmax>305</xmax>
			<ymax>174</ymax>
		</bndbox>
	</object>
	<object>
		<name>yuzde</name>
		<pose>Unspecified</pose>
		<truncated>Unspecified</truncated>
		<difficult>Unspecified</difficult>
		<bndbox>
			<xmin>54</xmin>
			<ymin>135</ymin>
			<xmax>90</xmax>
			<ymax>171</ymax>
		</bndbox>
	</object>
	<object>
		<name>tl</name>
		<pose>Unspecified</pose>
		<truncated>Unspecified</truncated>
		<difficult>Unspecified</difficult>
		<bndbox>
			<xmin>507</xmin>
			<ymin>469</ymin>
			<xmax>532</xmax>
			<ymax>492</ymax>
		</bndbox>
	</object>
	<object>
		<name>tl</name>
		<pose>Unspecified</pose>
		<truncated>Unspecified</truncated>
		<difficult>Unspecified</difficult>
		<bndbox>
			<xmin>206</xmin>
			<ymin>468</ymin>
			<xmax>233</xmax>
			<ymax>489</ymax>
		</bndbox>
	</object>
	<object>
		<name>tl</name>
		<pose>Unspecified</pose>
		<truncated>Unspecified</truncated>
		<difficult>Unspecified</difficult>
		<bndbox>
			<xmin>214</xmin>
			<ymin>500</ymin>
			<xmax>247</xmax>
			<ymax>528</ymax>
		</bndbox>
	</object>
	<object>
		<name>tl</name>
		<pose>Unspecified</pose>
		<truncated>Unspecified</truncated>
		<difficult>Unspecified</difficult>
		<bndbox>
			<xmin>519</xmin>
			<ymin>501</ymin>
			<xmax>549</xmax>
			<ymax>529</ymax>
		</bndbox>
	</object>
	<object>
		<name>market</name>
		<pose>Unspecified</pose>
		<truncated>Unspecified</truncated>
		<difficult>Unspecified</difficult>
		<bndbox>
			<xmin>56</xmin>
			<ymin>91</ymin>
			<xmax>205</xmax>
			<ymax>121</ymax>
		</bndbox>
	</object>
</annotation>