<annotation>
	<folder>kursat</folder>
	<filename>SpamImage104_1.png</filename>
	<path>/kursat/SpamImage104_1.png</path>
	<source>
		<database>Unspecified</database>
	</source>
	<size>
		<width>671</width>
		<height>689</height>
		<depth>3</depth>
	</size>
	<object>
		<name>tl</name>
		<pose>Unspecified</pose>
		<truncated>Unspecified</truncated>
		<difficult>Unspecified</difficult>
		<bndbox>
			<xmin>565</xmin>
			<ymin>385</ymin>
			<xmax>584</xmax>
			<ymax>402</ymax>
		</bndbox>
	</object>
	<object>
		<name>tl</name>
		<pose>Unspecified</pose>
		<truncated>Unspecified</truncated>
		<difficult>Unspecified</difficult>
		<bndbox>
			<xmin>564</xmin>
			<ymin>473</ymin>
			<xmax>584</xmax>
			<ymax>489</ymax>
		</bndbox>
	</object>
	<object>
		<name>tl</name>
		<pose>Unspecified</pose>
		<truncated>Unspecified</truncated>
		<difficult>Unspecified</difficult>
		<bndbox>
			<xmin>565</xmin>
			<ymin>508</ymin>
			<xmax>583</xmax>
			<ymax>522</ymax>
		</bndbox>
	</object>
	<object>
		<name>tl</name>
		<pose>Unspecified</pose>
		<truncated>Unspecified</truncated>
		<difficult>Unspecified</difficult>
		<bndbox>
			<xmin>563</xmin>
			<ymin>541</ymin>
			<xmax>585</xmax>
			<ymax>555</ymax>
		</bndbox>
	</object>
	<object>
		<name>tl</name>
		<pose>Unspecified</pose>
		<truncated>Unspecified</truncated>
		<difficult>Unspecified</difficult>
		<bndbox>
			<xmin>557</xmin>
			<ymin>613</ymin>
			<xmax>586</xmax>
			<ymax>639</ymax>
		</bndbox>
	</object>
	<object>
		<name>siparis</name>
		<pose>Unspecified</pose>
		<truncated>Unspecified</truncated>
		<difficult>Unspecified</difficult>
		<bndbox>
			<xmin>454</xmin>
			<ymin>37</ymin>
			<xmax>522</xmax>
			<ymax>63</ymax>
		</bndbox>
	</object>
	<object>
		<name>siparis</name>
		<pose>Unspecified</pose>
		<truncated>Unspecified</truncated>
		<difficult>Unspecified</difficult>
		<bndbox>
			<xmin>51</xmin>
			<ymin>178</ymin>
			<xmax>105</xmax>
			<ymax>200</ymax>
		</bndbox>
	</object>
	<object>
		<name>siparis</name>
		<pose>Unspecified</pose>
		<truncated>Unspecified</truncated>
		<difficult>Unspecified</difficult>
		<bndbox>
			<xmin>21</xmin>
			<ymin>304</ymin>
			<xmax>86</xmax>
			<ymax>334</ymax>
		</bndbox>
	</object>
</annotation>