<annotation>
	<folder>kursat</folder>
	<filename>SpamImage89_1.png</filename>
	<path>/kursat/SpamImage89_1.png</path>
	<source>
		<database>Unspecified</database>
	</source>
	<size>
		<width>623</width>
		<height>527</height>
		<depth>3</depth>
	</size>
	<object>
		<name>yuzde</name>
		<pose>Unspecified</pose>
		<truncated>Unspecified</truncated>
		<difficult>Unspecified</difficult>
		<bndbox>
			<xmin>13</xmin>
			<ymin>52</ymin>
			<xmax>51</xmax>
			<ymax>87</ymax>
		</bndbox>
	</object>
	<object>
		<name>varan</name>
		<pose>Unspecified</pose>
		<truncated>Unspecified</truncated>
		<difficult>Unspecified</difficult>
		<bndbox>
			<xmin>142</xmin>
			<ymin>51</ymin>
			<xmax>281</xmax>
			<ymax>85</ymax>
		</bndbox>
	</object>
	<object>
		<name>indirim</name>
		<pose>Unspecified</pose>
		<truncated>Unspecified</truncated>
		<difficult>Unspecified</difficult>
		<bndbox>
			<xmin>371</xmin>
			<ymin>43</ymin>
			<xmax>608</xmax>
			<ymax>92</ymax>
		</bndbox>
	</object>
	<object>
		<name>indirim</name>
		<pose>Unspecified</pose>
		<truncated>Unspecified</truncated>
		<difficult>Unspecified</difficult>
		<bndbox>
			<xmin>94</xmin>
			<ymin>410</ymin>
			<xmax>295</xmax>
			<ymax>455</ymax>
		</bndbox>
	</object>
	<object>
		<name>kacirma</name>
		<pose>Unspecified</pose>
		<truncated>Unspecified</truncated>
		<difficult>Unspecified</difficult>
		<bndbox>
			<xmin>220</xmin>
			<ymin>98</ymin>
			<xmax>407</xmax>
			<ymax>137</ymax>
		</bndbox>
	</object>
</annotation>