<annotation>
	<folder>kursat</folder>
	<filename>SpamImage17_1.png</filename>
	<path>/kursat/SpamImage17_1.png</path>
	<source>
		<database>Unspecified</database>
	</source>
	<size>
		<width>668</width>
		<height>776</height>
		<depth>3</depth>
	</size>
	<object>
		<name>kacirma</name>
		<pose>Unspecified</pose>
		<truncated>Unspecified</truncated>
		<difficult>Unspecified</difficult>
		<bndbox>
			<xmin>255</xmin>
			<ymin>92</ymin>
			<xmax>318</xmax>
			<ymax>120</ymax>
		</bndbox>
	</object>
	<object>
		<name>hediye</name>
		<pose>Unspecified</pose>
		<truncated>Unspecified</truncated>
		<difficult>Unspecified</difficult>
		<bndbox>
			<xmin>219</xmin>
			<ymin>126</ymin>
			<xmax>444</xmax>
			<ymax>173</ymax>
		</bndbox>
	</object>
	<object>
		<name>firsat</name>
		<pose>Unspecified</pose>
		<truncated>Unspecified</truncated>
		<difficult>Unspecified</difficult>
		<bndbox>
			<xmin>333</xmin>
			<ymin>590</ymin>
			<xmax>423</xmax>
			<ymax>615</ymax>
		</bndbox>
	</object>
	<object>
		<name>hediye</name>
		<pose>Unspecified</pose>
		<truncated>Unspecified</truncated>
		<difficult>Unspecified</difficult>
		<bndbox>
			<xmin>136</xmin>
			<ymin>739</ymin>
			<xmax>233</xmax>
			<ymax>764</ymax>
		</bndbox>
	</object>
	<object>
		<name>hediye</name>
		<pose>Unspecified</pose>
		<truncated>Unspecified</truncated>
		<difficult>Unspecified</difficult>
		<bndbox>
			<xmin>499</xmin>
			<ymin>739</ymin>
			<xmax>592</xmax>
			<ymax>764</ymax>
		</bndbox>
	</object>
</annotation>