<annotation>
	<folder>kursat</folder>
	<filename>SpamImage102_1.png</filename>
	<path>/kursat/SpamImage102_1.png</path>
	<source>
		<database>Unspecified</database>
	</source>
	<size>
		<width>681</width>
		<height>691</height>
		<depth>3</depth>
	</size>
	<object>
		<name>yuzde</name>
		<pose>Unspecified</pose>
		<truncated>Unspecified</truncated>
		<difficult>Unspecified</difficult>
		<bndbox>
			<xmin>201</xmin>
			<ymin>312</ymin>
			<xmax>223</xmax>
			<ymax>334</ymax>
		</bndbox>
	</object>
	<object>
		<name>varan</name>
		<pose>Unspecified</pose>
		<truncated>Unspecified</truncated>
		<difficult>Unspecified</difficult>
		<bndbox>
			<xmin>271</xmin>
			<ymin>313</ymin>
			<xmax>345</xmax>
			<ymax>335</ymax>
		</bndbox>
	</object>
	<object>
		<name>indirim</name>
		<pose>Unspecified</pose>
		<truncated>Unspecified</truncated>
		<difficult>Unspecified</difficult>
		<bndbox>
			<xmin>348</xmin>
			<ymin>310</ymin>
			<xmax>445</xmax>
			<ymax>332</ymax>
		</bndbox>
	</object>
	<object>
		<name>sepet</name>
		<pose>Unspecified</pose>
		<truncated>Unspecified</truncated>
		<difficult>Unspecified</difficult>
		<bndbox>
			<xmin>289</xmin>
			<ymin>342</ymin>
			<xmax>390</xmax>
			<ymax>364</ymax>
		</bndbox>
	</object>
	<object>
		<name>yuzde</name>
		<pose>Unspecified</pose>
		<truncated>Unspecified</truncated>
		<difficult>Unspecified</difficult>
		<bndbox>
			<xmin>227</xmin>
			<ymin>371</ymin>
			<xmax>323</xmax>
			<ymax>448</ymax>
		</bndbox>
	</object>
	<object>
		<name>indirim</name>
		<pose>Unspecified</pose>
		<truncated>Unspecified</truncated>
		<difficult>Unspecified</difficult>
		<bndbox>
			<xmin>225</xmin>
			<ymin>455</ymin>
			<xmax>451</xmax>
			<ymax>506</ymax>
		</bndbox>
	</object>
</annotation>