<annotation>
	<folder>kursat</folder>
	<filename>SpamImage31_1.png</filename>
	<path>/kursat/SpamImage31_1.png</path>
	<source>
		<database>Unspecified</database>
	</source>
	<size>
		<width>527</width>
		<height>573</height>
		<depth>3</depth>
	</size>
	<object>
		<name>siparis</name>
		<pose>Unspecified</pose>
		<truncated>Unspecified</truncated>
		<difficult>Unspecified</difficult>
		<bndbox>
			<xmin>436</xmin>
			<ymin>2</ymin>
			<xmax>489</xmax>
			<ymax>23</ymax>
		</bndbox>
	</object>
	<object>
		<name>siparis</name>
		<pose>Unspecified</pose>
		<truncated>Unspecified</truncated>
		<difficult>Unspecified</difficult>
		<bndbox>
			<xmin>27</xmin>
			<ymin>119</ymin>
			<xmax>78</xmax>
			<ymax>141</ymax>
		</bndbox>
	</object>
	<object>
		<name>siparis</name>
		<pose>Unspecified</pose>
		<truncated>Unspecified</truncated>
		<difficult>Unspecified</difficult>
		<bndbox>
			<xmin>6</xmin>
			<ymin>228</ymin>
			<xmax>60</xmax>
			<ymax>257</ymax>
		</bndbox>
	</object>
	<object>
		<name>tl</name>
		<pose>Unspecified</pose>
		<truncated>Unspecified</truncated>
		<difficult>Unspecified</difficult>
		<bndbox>
			<xmin>491</xmin>
			<ymin>299</ymin>
			<xmax>506</xmax>
			<ymax>317</ymax>
		</bndbox>
	</object>
	<object>
		<name>tl</name>
		<pose>Unspecified</pose>
		<truncated>Unspecified</truncated>
		<difficult>Unspecified</difficult>
		<bndbox>
			<xmin>490</xmin>
			<ymin>374</ymin>
			<xmax>510</xmax>
			<ymax>392</ymax>
		</bndbox>
	</object>
	<object>
		<name>tl</name>
		<pose>Unspecified</pose>
		<truncated>Unspecified</truncated>
		<difficult>Unspecified</difficult>
		<bndbox>
			<xmin>491</xmin>
			<ymin>404</ymin>
			<xmax>513</xmax>
			<ymax>421</ymax>
		</bndbox>
	</object>
	<object>
		<name>tl</name>
		<pose>Unspecified</pose>
		<truncated>Unspecified</truncated>
		<difficult>Unspecified</difficult>
		<bndbox>
			<xmin>490</xmin>
			<ymin>434</ymin>
			<xmax>508</xmax>
			<ymax>450</ymax>
		</bndbox>
	</object>
	<object>
		<name>tl</name>
		<pose>Unspecified</pose>
		<truncated>Unspecified</truncated>
		<difficult>Unspecified</difficult>
		<bndbox>
			<xmin>483</xmin>
			<ymin>499</ymin>
			<xmax>508</xmax>
			<ymax>521</ymax>
		</bndbox>
	</object>
</annotation>