<annotation>
	<folder>kursat</folder>
	<filename>SpamImage12_1.png</filename>
	<path>/kursat/SpamImage12_1.png</path>
	<source>
		<database>Unspecified</database>
	</source>
	<size>
		<width>758</width>
		<height>556</height>
		<depth>3</depth>
	</size>
	<object>
		<name>urun</name>
		<pose>Unspecified</pose>
		<truncated>Unspecified</truncated>
		<difficult>Unspecified</difficult>
		<bndbox>
			<xmin>406</xmin>
			<ymin>186</ymin>
			<xmax>451</xmax>
			<ymax>205</ymax>
		</bndbox>
	</object>
	<object>
		<name>siparis</name>
		<pose>Unspecified</pose>
		<truncated>Unspecified</truncated>
		<difficult>Unspecified</difficult>
		<bndbox>
			<xmin>8</xmin>
			<ymin>242</ymin>
			<xmax>83</xmax>
			<ymax>265</ymax>
		</bndbox>
	</object>
	<object>
		<name>siparis</name>
		<pose>Unspecified</pose>
		<truncated>Unspecified</truncated>
		<difficult>Unspecified</difficult>
		<bndbox>
			<xmin>7</xmin>
			<ymin>268</ymin>
			<xmax>82</xmax>
			<ymax>291</ymax>
		</bndbox>
	</object>
	<object>
		<name>urun</name>
		<pose>Unspecified</pose>
		<truncated>Unspecified</truncated>
		<difficult>Unspecified</difficult>
		<bndbox>
			<xmin>11</xmin>
			<ymin>322</ymin>
			<xmax>61</xmax>
			<ymax>357</ymax>
		</bndbox>
	</object>
	<object>
		<name>fiyat</name>
		<pose>Unspecified</pose>
		<truncated>Unspecified</truncated>
		<difficult>Unspecified</difficult>
		<bndbox>
			<xmin>689</xmin>
			<ymin>326</ymin>
			<xmax>749</xmax>
			<ymax>355</ymax>
		</bndbox>
	</object>
</annotation>