<annotation>
	<folder>kursat</folder>
	<filename>SpamImage106_1.png</filename>
	<path>/kursat/SpamImage106_1.png</path>
	<source>
		<database>Unspecified</database>
	</source>
	<size>
		<width>679</width>
		<height>620</height>
		<depth>3</depth>
	</size>
	<object>
		<name>yuzde</name>
		<pose>Unspecified</pose>
		<truncated>Unspecified</truncated>
		<difficult>Unspecified</difficult>
		<bndbox>
			<xmin>213</xmin>
			<ymin>343</ymin>
			<xmax>266</xmax>
			<ymax>393</ymax>
		</bndbox>
	</object>
	<object>
		<name>indirim</name>
		<pose>Unspecified</pose>
		<truncated>Unspecified</truncated>
		<difficult>Unspecified</difficult>
		<bndbox>
			<xmin>236</xmin>
			<ymin>394</ymin>
			<xmax>418</xmax>
			<ymax>440</ymax>
		</bndbox>
	</object>
</annotation>