<annotation>
	<folder>kursat</folder>
	<filename>SpamImage139_1.png</filename>
	<path>/kursat/SpamImage139_1.png</path>
	<source>
		<database>Unspecified</database>
	</source>
	<size>
		<width>708</width>
		<height>799</height>
		<depth>3</depth>
	</size>
	<object>
		<name>efsane</name>
		<pose>Unspecified</pose>
		<truncated>Unspecified</truncated>
		<difficult>Unspecified</difficult>
		<bndbox>
			<xmin>350</xmin>
			<ymin>589</ymin>
			<xmax>453</xmax>
			<ymax>617</ymax>
		</bndbox>
	</object>
	<object>
		<name>urun</name>
		<pose>Unspecified</pose>
		<truncated>Unspecified</truncated>
		<difficult>Unspecified</difficult>
		<bndbox>
			<xmin>457</xmin>
			<ymin>583</ymin>
			<xmax>605</xmax>
			<ymax>623</ymax>
		</bndbox>
	</object>
	<object>
		<name>indirim</name>
		<pose>Unspecified</pose>
		<truncated>Unspecified</truncated>
		<difficult>Unspecified</difficult>
		<bndbox>
			<xmin>341</xmin>
			<ymin>624</ymin>
			<xmax>480</xmax>
			<ymax>655</ymax>
		</bndbox>
	</object>
	<object>
		<name>hemen</name>
		<pose>Unspecified</pose>
		<truncated>Unspecified</truncated>
		<difficult>Unspecified</difficult>
		<bndbox>
			<xmin>287</xmin>
			<ymin>731</ymin>
			<xmax>347</xmax>
			<ymax>753</ymax>
		</bndbox>
	</object>
</annotation>