<annotation>
	<folder>kursat</folder>
	<filename>SpamImage96_1.png</filename>
	<path>/kursat/SpamImage96_1.png</path>
	<source>
		<database>Unspecified</database>
	</source>
	<size>
		<width>675</width>
		<height>407</height>
		<depth>3</depth>
	</size>
	<object>
		<name>fiyat</name>
		<pose>Unspecified</pose>
		<truncated>Unspecified</truncated>
		<difficult>Unspecified</difficult>
		<bndbox>
			<xmin>266</xmin>
			<ymin>132</ymin>
			<xmax>407</xmax>
			<ymax>182</ymax>
		</bndbox>
	</object>
	<object>
		<name>fiyat</name>
		<pose>Unspecified</pose>
		<truncated>Unspecified</truncated>
		<difficult>Unspecified</difficult>
		<bndbox>
			<xmin>375</xmin>
			<ymin>243</ymin>
			<xmax>519</xmax>
			<ymax>300</ymax>
		</bndbox>
	</object>
	<object>
		<name>fiyat</name>
		<pose>Unspecified</pose>
		<truncated>Unspecified</truncated>
		<difficult>Unspecified</difficult>
		<bndbox>
			<xmin>334</xmin>
			<ymin>359</ymin>
			<xmax>415</xmax>
			<ymax>388</ymax>
		</bndbox>
	</object>
	<object>
		<name>kacirma</name>
		<pose>Unspecified</pose>
		<truncated>Unspecified</truncated>
		<difficult>Unspecified</difficult>
		<bndbox>
			<xmin>417</xmin>
			<ymin>356</ymin>
			<xmax>508</xmax>
			<ymax>394</ymax>
		</bndbox>
	</object>
	<object>
		<name>urun</name>
		<pose>Unspecified</pose>
		<truncated>Unspecified</truncated>
		<difficult>Unspecified</difficult>
		<bndbox>
			<xmin>371</xmin>
			<ymin>325</ymin>
			<xmax>505</xmax>
			<ymax>353</ymax>
		</bndbox>
	</object>
</annotation>